target_id,h_err,r_err,t_err,hy_err,hz_err,ry_err,rz_err,ty_err,tz_err,refy,refz,hy,hz,ry,rz,ty,tz,times_from_start,times,datetimes
5,0.12053564859473191,0.11844200652814145,0.11884559765679995,0.026815116834672654,0.11751507176228737,0.02174642002595368,0.11642852797517927,0.022760159387697473,0.11664583673260087,-0.020521208599540118,0.3782184427528455,0.006293908235132535,0.49573351451513287,0.0012252114264135606,0.49464697072802477,0.0022389507881573553,0.49486427948544637,0.022,1713316016.814847,2024-04-17_11-06-56
5,0.12053564859473191,0.11774164498234563,0.11828532665671856,0.026815116834672654,0.11751507176228737,0.02161783088100971,0.11574007236540323,0.022657288071742297,0.11609507224478005,-0.020521208599540118,0.3782184427528455,0.006293908235132535,0.49573351451513287,0.0010966222814695922,0.49395851511824873,0.002136079472202181,0.49431351499762555,0.046,1713316016.839441,2024-04-17_11-06-56
5,0.12053564859473191,0.11639797602071976,0.11721042696301794,0.026815116834672654,0.11751507176228737,0.02137112795464202,0.11441924537273601,0.022459925730648145,0.1150384106506463,-0.020521208599540118,0.3782184427528455,0.006293908235132535,0.49573351451513287,0.0008499193551019009,0.4926376881255815,0.0019387171311080278,0.4932568534034918,0.072,1713316016.8647213,2024-04-17_11-06-56
5,0.12053564859473191,0.11462950415064437,0.11579569716210848,0.026815116834672654,0.11751507176228737,0.02104642953709532,0.11268083699353088,0.022200166996610787,0.11364768394728214,-0.020521208599540118,0.3782184427528455,0.006293908235132535,0.49573351451513287,0.0005252209375552018,0.49089927974637637,0.0016789583970706686,0.49186612670012764,0.096,1713316016.8897865,2024-04-17_11-06-56
5,0.12053564859473191,0.11216017974262779,0.11382030621624115,0.026815116834672654,0.11751507176228737,0.020593051826508255,0.11025349035912341,0.021837464828141133,0.11170580663975621,-0.020521208599540118,0.3782184427528455,0.006293908235132535,0.49573351451513287,7.184322696813595e-05,0.4884719331119689,0.0013162562286010157,0.4899242493926017,0.122,1713316016.914913,2024-04-17_11-06-56
5,0.12053564859473191,0.10939155893046937,0.11160548934640147,0.026815116834672654,0.11751507176228737,0.020084722114452173,0.10753193526959137,0.02143080105849627,0.10952856256813054,-0.020521208599540118,0.3782184427528455,0.006293908235132535,0.49573351451513287,-0.0004364864850879451,0.48575037802243687,0.0009095924589561509,0.48774700532097603,0.146,1713316016.9395185,2024-04-17_11-06-56
5,0.12041010927970432,0.10589147382824915,0.10878002068072469,0.0268514514959211,0.11737799610366728,0.019442092670806443,0.10409135056333235,0.020923964435829376,0.1067486796713994,-0.020521208599540118,0.3782184427528455,0.006330242896380985,0.4955964388565128,-0.0010791159287336744,0.48230979331617785,0.00040275583628925733,0.4849671224242449,0.172,1713316016.9647093,2024-04-17_11-06-56
5,0.1201590132613322,0.10222910061915849,0.1057992142360418,0.026924148497503176,0.11710370914544682,0.01876966649000071,0.10049123659929843,0.020400562891501203,0.1038137311085281,-0.020521208599540118,0.3782184427528455,0.006402939897963057,0.4953221518982923,-0.0017515421095394088,0.4787096793521439,-0.00012064570803891565,0.4820321738613736,0.196,1713316016.9897337,2024-04-17_11-06-56
5,0.11953117903440644,0.09783276113034262,0.10215463206263027,0.027106052270614436,0.11641720101281444,0.017962481202424878,0.09616963356194724,0.01979119541606279,0.10021914705212065,-0.020521208599540118,0.3782184427528455,0.006584843671074318,0.49463564376565994,-0.0025587273971152415,0.47438807631479274,-0.0007300131834773297,0.47843758980496615,0.222,1713316017.0151682,2024-04-17_11-06-57
5,0.1186422285006712,0.09341737847286247,0.09846825501760119,0.027209968866368794,0.11547985096066204,0.01715179951389691,0.09182931108408204,0.019156143288168094,0.09658695264130923,-0.020521208599540118,0.3782184427528455,0.0066887602668286765,0.49369829371350754,-0.0033694090856432094,0.47004775383692754,-0.001365065311372025,0.47480539539415473,0.246,1713316017.0408409,2024-04-17_11-06-57
5,0.11736544616434991,0.08829373345851052,0.09408617346269374,0.027272587755530833,0.11415276567159371,0.01621107806031779,0.08679276649678119,0.0184233799993604,0.09226476633174369,-0.020521208599540118,0.3782184427528455,0.006751379155990716,0.4923712084244392,-0.004310130539222327,0.4650112092496267,-0.002097828600179719,0.4704832090845892,0.272,1713316017.0647798,2024-04-17_11-06-57
5,0.11583524359158434,0.0832950220319928,0.08980349823557039,0.027408984645039335,0.1125457738817841,0.015293294906722188,0.08187903166382826,0.01770911268417788,0.08804007964152,-0.020521208599540118,0.3782184427528455,0.006887776045499218,0.4907642166346296,-0.0052279136928179305,0.46009747441667376,-0.0028120959153622397,0.4662585223943655,0.296,1713316017.0896602,2024-04-17_11-06-57
5,0.1139043659350333,0.07764097029663311,0.08486574660692091,0.02735384939918802,0.11057111513459794,0.014255188685038158,0.07632109711054097,0.01687492082786813,0.08317110071535239,-0.020521208599540118,0.3782184427528455,0.006832640799647902,0.48878955788744344,-0.00626601991450196,0.45453953986338647,-0.0036462877716719874,0.4613895434681979,0.322,1713316017.114812,2024-04-17_11-06-57
5,0.11158074510431287,0.07225102777788922,0.0801117653353863,0.027259119794479092,0.10819982932548405,0.013265573958268878,0.07102278199647644,0.01605692514685885,0.07848611405834904,-0.020521208599540118,0.3782184427528455,0.006737911194938973,0.48641827207832955,-0.00725563464127124,0.44924122474932193,-0.004464283452681265,0.45670455681119454,0.346,1713316017.1398408,2024-04-17_11-06-57
5,0.10843311309244845,0.06628385135888289,0.07468406996089438,0.026480813662542665,0.10514992402607531,0.01216997680840258,0.0651570457851599,0.015032144179230596,0.07315562143334298,-0.020521208599540118,0.3782184427528455,0.005959605063002547,0.4833683667789208,-0.008351231791137538,0.4433754885380054,-0.005489064420309522,0.4513740641861885,0.372,1713316017.1647706,2024-04-17_11-06-57
5,0.10434611743356569,0.06070981021619351,0.06946388683446997,0.02521160722466239,0.10125456574697672,0.011146560847427031,0.05967776166848787,0.013974925942979811,0.06804361115520163,-0.020521208599540118,0.3782184427528455,0.004690398625122272,0.4794730084998222,-0.009374647752113087,0.43789620442133337,-0.006546282656560307,0.44626205390804713,0.396,1713316017.1895313,2024-04-17_11-06-57
5,0.10038496672047656,0.0546588243568919,0.06378257353132204,0.023913442798094407,0.09749507062930646,0.010035575953429864,0.05372964075220027,0.012811149322362773,0.06248272672762151,-0.020521208599540118,0.3782184427528455,0.0033922341985542876,0.47571351338215195,-0.010485632646110254,0.43194808350504577,-0.007710059277177345,0.440701169480467,0.422,1713316017.2149305,2024-04-17_11-06-57
5,0.09562734984941364,0.049114891865412354,0.058453844494389125,0.022246290518734207,0.09300372356727565,0.009017688059690054,0.04827995344870656,0.01167853592125897,0.05727533269139595,-0.020521208599540118,0.3782184427528455,0.0017250819191940896,0.47122216632012115,-0.011503520539850064,0.42649839620155205,-0.008842672678281148,0.43549377544424145,0.446,1713316017.2398868,2024-04-17_11-06-57
5,0.09060601278111023,0.04321263255895644,0.05268161511467114,0.020217754439267363,0.08832152601446713,0.007934009947990827,0.04247803077851614,0.010390758846246134,0.05164672982570634,-0.020521208599540118,0.3782184427528455,-0.000303454160272755,0.46653996876731263,-0.012587198651549291,0.42069647353136164,-0.010130449753293984,0.42986517257855184,0.472,1713316017.2653913,2024-04-17_11-06-57
5,0.08455043366698467,0.037911858935261104,0.047314505267902644,0.01761132930666165,0.0826959304520331,0.006960766982405074,0.03726736871505415,0.009127955288590828,0.046425670065125324,-0.020521208599540118,0.3782184427528455,-0.0029098792928784678,0.4609143732048786,-0.013560441617135044,0.41548581146789965,-0.01139325331094929,0.4246441128179708,0.496,1713316017.2896528,2024-04-17_11-06-57
5,0.07943376628056406,0.03238514669677282,0.041793940251082316,0.015656255720922847,0.07787557307857418,0.005946040795102697,0.031834608925420615,0.007888083780266725,0.04104280175605135,-0.020521208599540118,0.3782184427528455,-0.0048649528786172715,0.4560940158314197,-0.014575167804437421,0.4100530516782661,-0.012633124819273393,0.41926124450889685,0.522,1713316017.3148744,2024-04-17_11-06-57
5,0.07483422793025965,0.027531237698512227,0.037044154888360284,0.014305753369757201,0.07345411554461556,0.005054843939037509,0.027063214922916246,0.006919555710501769,0.03639215794868572,-0.020521208599540118,0.3782184427528455,-0.0062154552297829175,0.45167255829746106,-0.015466364660502609,0.40528165767576174,-0.013601652889038349,0.4146106007015312,0.546,1713316017.339627,2024-04-17_11-06-57
5,0.07059753861008526,0.022592460979900784,0.03219315064915647,0.013590689787601412,0.06927702078539222,0.004148065034445012,0.02220839592582846,0.0060365899850762916,0.03162212089774119,-0.020521208599540118,0.3782184427528455,-0.006930518811938706,0.4474954635382377,-0.016373143565095106,0.40042683867867396,-0.014484618614463826,0.4098405636505867,0.572,1713316017.3649912,2024-04-17_11-06-57
5,0.06623555018600741,0.018371949607774538,0.02802461801585938,0.01262659346676521,0.06502089853168863,0.003373162483290032,0.01805963197996935,0.005230587953238134,0.0275321659990323,-0.020521208599540118,0.3782184427528455,-0.007894615132774908,0.4432393412845341,-0.017148046116250086,0.39627807473281484,-0.015290620646301984,0.4057506087518778,0.596,1713316017.3896658,2024-04-17_11-06-57
5,0.0627861603567618,0.014210902828638237,0.023925784012962147,0.01199378966725689,0.06162995166120616,0.0026091778661834347,0.013969321746871488,0.004486100226398126,0.02350144772973839,-0.020521208599540118,0.3782184427528455,-0.008527418932283228,0.43984839441405166,-0.017912030733356683,0.392187764499717,-0.016035108373141992,0.4017198904825839,0.622,1713316017.4150293,2024-04-17_11-06-57
5,0.05947042425618711,0.010785980967787111,0.020522746925065845,0.011328250141667332,0.058381521990598206,0.0019803486904091845,0.010602622529443384,0.003849928980660812,0.020158402421674382,-0.020521208599540118,0.3782184427528455,-0.009192958457872786,0.4365999647434437,-0.018540859909130934,0.3888210652822889,-0.016671279618879306,0.3983768451745199,0.646,1713316017.4398272,2024-04-17_11-06-57
5,0.055498289708672884,0.0075625708223062684,0.017149679963851302,0.01041907295257954,0.054511494929020354,0.0013885178611763895,0.007434009388721019,0.003194628879457019,0.01684950649678091,-0.020521208599540118,0.3782184427528455,-0.010102135646960579,0.43272993768186585,-0.01913269073836373,0.3856524521415665,-0.0173265797200831,0.3950679492496264,0.672,1713316017.465067,2024-04-17_11-06-57
5,0.051679385000889304,0.005064856299124466,0.01449327217388021,0.00933291061691977,0.05082967256914733,0.0009299276133564079,0.004978755262583012,0.0026383682311572516,0.01425110351457004,-0.020521208599540118,0.3782184427528455,-0.011188297982620348,0.42904811532199283,-0.01959128098618371,0.3831971980154285,-0.017882840368382866,0.39246954626741554,0.696,1713316017.4899125,2024-04-17_11-06-57
5,0.04851474496354916,0.002902956631480699,0.012025246266522556,0.008500803554764298,0.047764179232993476,0.0005329942988622736,0.002853607240255407,0.002126556150042678,0.011835721638803032,-0.020521208599540118,0.3782184427528455,-0.01202040504477582,0.42598262198583897,-0.019988214300677844,0.3810720499931009,-0.01839465244949744,0.39005416439164853,0.722,1713316017.5151534,2024-04-17_11-06-57
5,0.045474133717709066,0.0014284352143596965,0.010290214780053925,0.007781591982420524,0.04480338897444269,0.0002622663450399104,0.0014041522445526478,0.0017798705842847241,0.010135116226409946,-0.020521208599540118,0.3782184427528455,-0.012739616617119594,0.4230218317272882,-0.020258942254500208,0.37962259499739814,-0.018741338015255394,0.38835355897925544,0.746,1713316017.5399897,2024-04-17_11-06-57
1,0.08018017003268582,0.11778927402955834,0.11003556537641088,0.05219636673474051,0.060863773840954705,0.05901298071077479,0.1019400862469721,0.057649657915567934,0.09372482376576863,0.03856725658119235,0.48056266658713864,-0.01362911015354816,0.41969889274618394,-0.020445724129582437,0.37862258034016655,-0.01908240133437558,0.38683784282137,0.772,1713316017.565008,2024-04-17_11-06-57
1,0.08410422192473492,0.10983036976079068,0.10448694570051167,0.05324301203476747,0.0651053132626721,0.057542152155900035,0.09355004461281274,0.056676612473621726,0.0877797437928397,0.03856725658119235,0.48056266658713864,-0.01467575545357512,0.41545735332446654,-0.018974895574707683,0.3870126219743259,-0.01810935589242937,0.39278292279429894,0.796,1713316017.5898962,2024-04-17_11-06-57
1,0.08757979175306055,0.10906104918619122,0.10466830634531868,0.05414528822726869,0.06883681926335244,0.057139090947450275,0.0928947616138382,0.056540330403413955,0.08808317314374103,0.03856725658119235,0.48056266658713864,-0.01557803164607634,0.4117258473237862,-0.018571834366257922,0.38766790497330045,-0.017973073822221606,0.3924794934433976,0.822,1713316017.6154957,2024-04-17_11-06-57
1,0.09112921031712369,0.10785101200363537,0.10436780399133407,0.05485492416379057,0.0727699819156728,0.05650513019666181,0.09186409010961027,0.0561696775834282,0.08796366198690941,0.03856725658119235,0.48056266658713864,-0.01628766758259822,0.40779268467146584,-0.017937873615469457,0.38869857647752837,-0.01760242100223585,0.39259900460022923,0.846,1713316017.6398,2024-04-17_11-06-57
1,0.094857739001511,0.10601137745026352,0.10373630459909025,0.05566165116356889,0.0768099683519265,0.05554131179550439,0.09029714742413963,0.05556537966911729,0.08759971160969698,0.03856725658119235,0.48056266658713864,-0.017094394582376538,0.40375269823521215,-0.016974055214312035,0.390265519162999,-0.01699812308792494,0.39296295497744166,0.872,1713316017.6650407,2024-04-17_11-06-57
1,0.09842868272241372,0.10384130287310439,0.10268322373900954,0.05620951870687823,0.08080034399190816,0.05440436978410529,0.0884487463493866,0.0547523540638052,0.08686785459482238,0.03856725658119235,0.48056266658713864,-0.017642262125685877,0.3997623225952305,-0.015837113202912933,0.39211392023775204,-0.016185097482612848,0.39369481199231626,0.896,1713316017.6900728,2024-04-17_11-06-57
1,0.10114362194803891,0.10100205046516735,0.10101698266060137,0.05645037370464769,0.0839248924299188,0.05291683319088109,0.08603036070607095,0.05362354129363441,0.08560926705084049,0.03856725658119235,0.48056266658713864,-0.01788311712345534,0.39663777415721985,-0.01434957660968874,0.3945323058810677,-0.01505628471244206,0.39495339953629816,0.922,1713316017.7152007,2024-04-17_11-06-57
1,0.10381155632953959,0.09795533324241333,0.09904775491421634,0.0568713263061698,0.08684751851226569,0.05132060196276499,0.08343526307750032,0.05242589360904572,0.08403560812441169,0.03856725658119235,0.48056266658713864,-0.018304069724977445,0.39371514807487296,-0.01275334538157264,0.3971274035096383,-0.013858637027853362,0.39652705846272696,0.946,1713316017.7398107,2024-04-17_11-06-57
1,0.1059182220173848,0.09422557385767695,0.0965605737809578,0.057344582945502695,0.08905205535039817,0.049366512374531504,0.08025837168036593,0.050962126488725744,0.08201710841437237,0.03856725658119235,0.48056266658713864,-0.018777326364310346,0.39151061123674047,-0.010799255793339152,0.4003042949067727,-0.012394869907533392,0.39854555817276627,0.972,1713316017.7650437,2024-04-17_11-06-57
1,0.10710387154607914,0.09041929762357978,0.09375461871580604,0.0573751673698171,0.09043964545178457,0.04737233420061812,0.07701630564449613,0.04937290083445792,0.07970097360595385,0.03856725658119235,0.48056266658713864,-0.018807910788624746,0.3901230211353541,-0.008805077619425769,0.4035463609426425,-0.010805644253265564,0.4008616929811848,0.996,1713316017.789823,2024-04-17_11-06-57
1,0.10707153008009293,0.08594236382352644,0.09016692520899716,0.05723065100645861,0.09049290104239771,0.04502678618438509,0.07320299464831376,0.04746755914879979,0.0766609759271305,0.03856725658119235,0.48056266658713864,-0.01866339442526626,0.39006976554474093,-0.006459529603192736,0.4073596719388249,-0.00890030256760744,0.40390169066000814,1.022,1713316017.8152168,2024-04-17_11-06-57
1,0.10639574099545622,0.08152280163917817,0.08649617394958953,0.05685398854321034,0.08993151665962668,0.04271129621354991,0.06943855098473173,0.04553983467948199,0.07353714411971068,0.03856725658119235,0.48056266658713864,-0.018286731962017987,0.39063114992751197,-0.004144039632357556,0.4111241156024069,-0.006972578098289642,0.40702552246742796,1.046,1713316017.8400025,2024-04-17_11-06-57
1,0.1053465603050158,0.07647073947905042,0.08224435596782934,0.05644857590047241,0.08894636612536194,0.04006442786418268,0.06513536379255513,0.04334125747144063,0.06989756425911647,0.03856725658119235,0.48056266658713864,-0.01788131931928006,0.3916163004617767,-0.001497171282990331,0.4154273027945835,-0.0047740008902482775,0.41066510232802217,1.072,1713316017.8651426,2024-04-17_11-06-57
1,0.10228908898519071,0.07160773264067648,0.07780159261832764,0.05483763387302703,0.0863475050978782,0.03751660907746317,0.060993207960127915,0.04102351838344104,0.06610717626242774,0.03856725658119235,0.48056266658713864,-0.016270377291834677,0.39421516148926045,0.0010506475037291851,0.4195694586270107,-0.002456261802248685,0.4144554903247109,1.096,1713316017.8900232,2024-04-17_11-06-57
1,0.09710253999201575,0.06617469003605897,0.07235911667376908,0.051918956293866086,0.08205684158104454,0.03467013806124706,0.05636551364249731,0.03811990170777087,0.06150377923020678,0.03856725658119235,0.48056266658713864,-0.013351699712673736,0.3985058250060941,0.003897118519945293,0.42419715294464133,0.00044735487342148755,0.41905888735693186,1.122,1713316017.9152594,2024-04-17_11-06-57
1,0.08950005053304064,0.061055121169252456,0.06687551594834555,0.047471234545907834,0.07587318983741381,0.0319879017057836,0.05200482636691739,0.03513286968623523,0.05690356843790584,0.03856725658119235,0.48056266658713864,-0.008903977964715478,0.40468947674972483,0.0065793548754087515,0.42855784022022125,0.0034343868949571195,0.4236590981492328,1.146,1713316017.940048,2024-04-17_11-06-57
1,0.08087920727205024,0.055449886900555245,0.06053549053365634,0.041916504097163514,0.06916973943299004,0.029051216307552457,0.04723046462121844,0.031624273865474666,0.05161831958357277,0.03856725658119235,0.48056266658713864,-0.003349247515971159,0.4113929271541486,0.009516040273639895,0.4333322019659202,0.006942982715717684,0.4289443470035659,1.172,1713316017.965078,2024-04-17_11-06-57
1,0.07151974751300576,0.050270498165780275,0.0546644801032591,0.0357992081781045,0.06191519182030231,0.026337639222270046,0.04281882466898479,0.02833778904985454,0.046745856465846836,0.03856725658119235,0.48056266658713864,0.002768048403087851,0.41864747476683634,0.012229617358922307,0.43774384191815385,0.010229467531337813,0.4338168101212918,1.196,1713316017.990011,2024-04-17_11-06-57
1,0.0632390901844722,0.04470847824249773,0.04840426816791948,0.030563153321781188,0.05536313020764905,0.023423594614965737,0.038081271539611716,0.024851506356328826,0.04153764327321918,0.03856725658119235,0.48056266658713864,0.008004103259411163,0.4251995363794896,0.015143661966226615,0.4424813950475269,0.013715750224863526,0.43902502331391946,1.222,1713316018.015185,2024-04-17_11-06-58
1,0.055743462196379656,0.039668310644197055,0.04300557099544613,0.02599529555901139,0.04931103513858587,0.020782958045460216,0.03378821576001251,0.021904809939078243,0.037008896743583375,0.03856725658119235,0.48056266658713864,0.012571961022180961,0.4312516314485528,0.017784298535732136,0.44677445082712613,0.01666244664211411,0.44355376984355527,1.246,1713316018.04016,2024-04-17_11-06-58
1,0.04820125701852678,0.03436325037276427,0.03710575985492424,0.021725736271789562,0.043027358292308915,0.018003539329126413,0.02926953275687677,0.018747978717659042,0.03202109786396323,0.03856725658119235,0.48056266658713864,0.01684152030940279,0.43753530829482973,0.02056371725206594,0.45129313383026187,0.01981927786353331,0.4485415687231754,1.272,1713316018.0653327,2024-04-17_11-06-58
1,0.04047364106885449,0.029655994725181923,0.03189486141197086,0.017785996418143456,0.03635620927412886,0.015537321457877826,0.025260040875948464,0.01601628181386432,0.027581894448128585,0.03856725658119235,0.48056266658713864,0.020781260163048897,0.4442064573130098,0.023029935123314527,0.4553026257111902,0.022550974767328032,0.45298077213901006,1.296,1713316018.0899358,2024-04-17_11-06-58
1,0.03410207649308781,0.02481176459671803,0.026637383707982704,0.014474773968913265,0.030877702953576114,0.012999340135067261,0.021133878452753996,0.013294426901836461,0.02308264335291843,0.03856725658119235,0.48056266658713864,0.024092482612279087,0.44968496363356253,0.02556791644612509,0.45942878813438465,0.02527282967935589,0.4574800232342202,1.322,1713316018.1152434,2024-04-17_11-06-58
1,0.02747616631260557,0.0206183180945313,0.022058259348193745,0.011203965943824536,0.025088062148511614,0.01080231633179677,0.01756203299493181,0.010912523714598946,0.01916986258820058,0.03856725658119235,0.48056266658713864,0.027363290637367817,0.45547460443862703,0.027764940249395582,0.46300063359220683,0.027654732866593406,0.46139280399893806,1.346,1713316018.140114,2024-04-17_11-06-58
1,0.02137349256576407,0.016421079156197588,0.017364157179822263,0.007925841028528231,0.01984961532245072,0.008603305601428739,0.0139869572596234,0.008467812686848635,0.015159488872188875,0.03856725658119235,0.48056266658713864,0.03064141555266412,0.4607130512646879,0.029963950979763614,0.46657570932751524,0.030099443894343717,0.46540317771494977,1.372,1713316018.1653426,2024-04-17_11-06-58
1,0.015059770003337842,0.01290259359677352,0.013353156580640884,0.004696663399303795,0.01430866959109317,0.006759906258790874,0.010990022242737318,0.006385361032387314,0.011727487162780548,0.03856725658119235,0.48056266658713864,0.03387059318188856,0.46625399699604547,0.03180735032240148,0.4695726443444013,0.03218189554880504,0.4688351794243581,1.396,1713316018.1901326,2024-04-17_11-06-58
6,0.11114949709224063,0.10919122168717214,0.10957740949051473,0.08876747768057265,0.06689204444541252,0.08554440793824467,0.06785924523624143,0.08618902188671027,0.06766580507807562,-0.0519615242270663,0.40459999999999996,0.03680595345350635,0.4714920444454125,0.033582883711178374,0.4724592452362414,0.034227497659643974,0.4722658050780756,1.422,1713316018.215274,2024-04-17_11-06-58
6,0.11714787924392427,0.10937306824937551,0.11085178072369464,0.09188999028229612,0.07266261278861769,0.08602829558567074,0.067539621089454,0.08716193483732565,0.0684902504377658,-0.0519615242270663,0.40459999999999996,0.03992846605522982,0.47726261278861765,0.034066771358604434,0.47213962108945395,0.03520041061025936,0.47309025043776576,1.446,1713316018.2401273,2024-04-17_11-06-58
6,0.1228301391773114,0.10860695090046209,0.11144852438838797,0.09524083978740888,0.07756562077948453,0.08542569961940084,0.06706653135828095,0.08738872765300246,0.06916634924252163,-0.0519615242270663,0.40459999999999996,0.043279315560342584,0.4821656207794845,0.033464175392334546,0.4716665313582809,0.03542720342593615,0.4737663492425216,1.472,1713316018.2656138,2024-04-17_11-06-58
6,0.12853805978653143,0.10740195195854636,0.11154279048768606,0.09859819682841142,0.08246471000295685,0.08447789768959499,0.06632242521539922,0.08726271627009394,0.06947670443353593,-0.0519615242270663,0.40459999999999996,0.04663667260134512,0.4870647100029568,0.0325163734625287,0.4709224252153992,0.03530119204302763,0.4740767044335359,1.496,1713316018.2902591,2024-04-17_11-06-58
6,0.13368781323738071,0.10556997710497833,0.11117675916490086,0.1017107153459173,0.08676036993935982,0.0830369426470892,0.06519115140699439,0.08677169718685482,0.06950499511346747,-0.0519615242270663,0.40459999999999996,0.049749191118851,0.4913603699393598,0.03107541842002291,0.46979115140699435,0.03481017295978853,0.47410499511346743,1.522,1713316018.3155682,2024-04-17_11-06-58
6,0.1385816417227325,0.10340893808315951,0.11034043893163524,0.10463286697175189,0.09086712591382795,0.08133715944893193,0.06385667520522614,0.08595657606155988,0.06918438765645901,-0.0519615242270663,0.40459999999999996,0.05267134274468559,0.4954671259138279,0.029375635221865624,0.4684566752052261,0.033995051834493584,0.47378438765645897,1.546,1713316018.3400464,2024-04-17_11-06-58
6,0.14225360390930766,0.10058150749117613,0.10888557434947294,0.107010405299681,0.09372758922955499,0.07911322042437684,0.06211069153762083,0.08469265739943768,0.06843407107600769,-0.0519615242270663,0.40459999999999996,0.05504888107261471,0.49832758922955495,0.027151696197310542,0.4667106915376208,0.03273113317237138,0.47303407107600765,1.572,1713316018.3653407,2024-04-17_11-06-58
6,0.14531334347260283,0.09754747590713807,0.10700121141745975,0.10911622663156939,0.09596674880850464,0.0767267776729239,0.06023712844901713,0.08315695021339653,0.06733632657051175,-0.0519615242270663,0.40459999999999996,0.05715470240450309,0.5005667488085046,0.0247652534458576,0.4648371284490171,0.031195425986330228,0.4719363265705117,1.596,1713316018.390184,2024-04-17_11-06-58
6,0.1467269247177353,0.09383324614874794,0.10437957312003707,0.11021223694264233,0.09686099971207618,0.07380531939583379,0.05794353209539854,0.08108670290519551,0.06572702561873406,-0.0519615242270663,0.40459999999999996,0.05825071271557603,0.5014609997120761,0.0218437951687675,0.4625435320953985,0.029125178678129207,0.470327025618734,1.622,1713316018.415521,2024-04-17_11-06-58
6,0.14689392519009745,0.09004281813476063,0.10138091283789347,0.11033173304464113,0.09697800751263141,0.07082392674769102,0.05560288209874803,0.07872548800708104,0.06387790718152475,-0.0519615242270663,0.40459999999999996,0.05837020881757483,0.5015780075126314,0.018862402520624717,0.460202882098748,0.026763963780014742,0.4684779071815247,1.646,1713316018.4401355,2024-04-17_11-06-58
6,0.14689392519009745,0.0855845249766147,0.09781475581729883,0.11033173304464113,0.09697800751263141,0.0673172192212818,0.05284981468072214,0.07592012198595366,0.061675453247103995,-0.0519615242270663,0.40459999999999996,0.05837020881757483,0.5015780075126314,0.015355694994215501,0.4574498146807221,0.023958597758887368,0.46627545324710395,1.672,1713316018.4654546,2024-04-17_11-06-58
6,0.14601550076550798,0.08118336455555919,0.09411613198689998,0.10944811910962965,0.09665213751990376,0.06385544992393305,0.05013202764274455,0.07297398376107236,0.05943604961817639,-0.0519615242270663,0.40459999999999996,0.05748659488256336,0.5012521375199037,0.011893925696866748,0.4547320276427445,0.021012459534006073,0.46403604961817635,1.696,1713316018.490413,2024-04-17_11-06-58
6,0.14371030574229354,0.07615233770348533,0.08962598720159269,0.10728816779808165,0.09561328896693266,0.05989825395186038,0.04702528799724798,0.06937623672110464,0.05674288819118489,-0.0519615242270663,0.40459999999999996,0.055326643571015355,0.5002132889669326,0.007936729724794086,0.45162528799724794,0.01741471249403834,0.46134288819118485,1.722,1713316018.5152998,2024-04-17_11-06-58
6,0.14002324140735967,0.07130957900214359,0.0850545423235037,0.10370507852340193,0.09408381807026522,0.05608914185802019,0.04403480694966022,0.06566450882661143,0.054059665652134326,-0.0519615242270663,0.40459999999999996,0.05174355429633563,0.4986838180702652,0.00412761763095389,0.4486348069496602,0.013702984599545132,0.4586596656521343,1.746,1713316018.5401495,2024-04-17_11-06-58
6,0.1358532467124702,0.06589915799663462,0.07983189157479992,0.0997645221512039,0.09221249786369112,0.05183353026226976,0.04069378533898976,0.061419728640056584,0.05099752784393008,-0.0519615242270663,0.40459999999999996,0.04780299792413761,0.4968124978636911,-0.00012799396479654113,0.4452937853389897,0.009458204412990289,0.45559752784393004,1.772,1713316018.5672665,2024-04-17_11-06-58
6,0.13078726595385246,0.060800905516048845,0.07481290256261401,0.09525944478219975,0.08961555175007724,0.047823457413529724,0.037545532791369574,0.05738651123538635,0.047997486580799775,-0.0519615242270663,0.40459999999999996,0.04329792055513344,0.4942155517500772,-0.004138066813536574,0.44214553279136953,0.005424987008320052,0.45259748658079973,1.796,1713316018.5902965,2024-04-17_11-06-58
6,0.1248085524957514,0.0552190098021475,0.06907316148878481,0.09089415779896637,0.08553026864275204,0.043432970961151736,0.03409862280235687,0.05292520832871466,0.04438495197043585,-0.0519615242270663,0.40459999999999996,0.03893263357190006,0.490130268642752,-0.008528553265914562,0.43869862280235683,0.0009636841016483627,0.4489849519704358,1.822,1713316018.6154163,2024-04-17_11-06-58
6,0.11777284194921502,0.050061186526013664,0.06364443504853534,0.08594651341353693,0.08052104776300106,0.03937604220821419,0.030913584334548883,0.04875988327393577,0.0409033971175915,-0.0519615242270663,0.40459999999999996,0.033984989186470624,0.485121047763001,-0.01258548201885211,0.43551358433454884,-0.0032016409531305298,0.44550339711759146,1.846,1713316018.6405337,2024-04-17_11-06-58
6,0.11196398216411262,0.044522325225641896,0.05795531126501016,0.08151592724375224,0.07675341626036603,0.03501940483136035,0.027493248785022184,0.04431870931383873,0.037345282280090986,-0.0519615242270663,0.40459999999999996,0.02955440301668594,0.481353416260366,-0.016942119395705946,0.43209324878502214,-0.007642814913227569,0.44194528228009095,1.872,1713316018.665512,2024-04-17_11-06-58
6,0.10628279781638439,0.03950314340992125,0.052881208729375184,0.07690262339735418,0.07336224932676993,0.031071525671048823,0.02439382363915421,0.04031273066267341,0.03422434781260991,-0.0519615242270663,0.40459999999999996,0.024941099170287882,0.4779622493267699,-0.020889998556017475,0.42899382363915417,-0.011648793564392888,0.43882434781260987,1.896,1713316018.6908035,2024-04-17_11-06-58
6,0.10092022621341024,0.034220171856623204,0.04750101072795838,0.07269585355899644,0.07000146380108663,0.026916160500881248,0.021131504106135623,0.03607209911250428,0.03090549604512577,-0.0519615242270663,0.40459999999999996,0.020734329331930146,0.4746014638010866,-0.02504536372618505,0.4257315041061356,-0.015889425114562015,0.43550549604512573,1.922,1713316018.715421,2024-04-17_11-06-58
6,0.09495178549529867,0.02953251584370424,0.04265023370085582,0.06805136274144949,0.06621822708119623,0.023229045715330375,0.018236801452385598,0.03226064460251896,0.02789790753027155,-0.0519615242270663,0.40459999999999996,0.016089838514383184,0.4708182270811962,-0.028732478511735923,0.42283680145238556,-0.019700879624547335,0.4324979075302715,1.946,1713316018.7403197,2024-04-17_11-06-58
6,0.08971359037009229,0.024708455671548557,0.03764575313529067,0.06365169060815724,0.06322175717121553,0.019434641104982976,0.01525786704599913,0.02827805100561783,0.0248506450710424,-0.0519615242270663,0.40459999999999996,0.01169016638109095,0.4678217571712155,-0.03252688312208332,0.4198578670459991,-0.023683473221448467,0.42945064507104236,1.972,1713316018.7653852,2024-04-17_11-06-58
6,0.0841218905161729,0.020532469453140016,0.03327619313183738,0.05889220102710718,0.06006830380656486,0.01614998444764367,0.012679128683982799,0.024802242742719055,0.022184539307332496,-0.0519615242270663,0.40459999999999996,0.006930676800040886,0.4646683038065648,-0.03581153977942263,0.41727912868398276,-0.027159281484347243,0.42678453930733246,1.996,1713316018.790147,2024-04-17_11-06-58
6,0.0784750825746821,0.016352706589178517,0.028707374495695815,0.05436399851714543,0.0565941185135963,0.012862357238365478,0.010098058182860192,0.02116268549412147,0.019397270249007392,-0.0519615242270663,0.40459999999999996,0.0024024742900791286,0.46119411851359626,-0.03909916698870082,0.41469805818286015,-0.03079883873294483,0.42399727024900735,2.022,1713316018.815484,2024-04-17_11-06-58
6,0.07169877174042319,0.01284887097373377,0.024674206405901594,0.0491125912165271,0.052236646648532226,0.0101063862225226,0.007934383581656712,0.017996157715951,0.016880603342998513,-0.0519615242270663,0.40459999999999996,-0.0028489330105392024,0.4568366466485322,-0.0418551380045437,0.41253438358165667,-0.0339653665111153,0.42148060334299847,2.046,1713316018.840323,2024-04-17_11-06-58
6,0.06604216653309729,0.009474031360790497,0.02072393404252795,0.04465231812585073,0.0486594106661104,0.007451878084243586,0.00585036607767514,0.01489196609256501,0.014412174995362181,-0.0519615242270663,0.40459999999999996,-0.0073092061012155676,0.45325941066611036,-0.04450964614282271,0.4104503660776751,-0.03706955813450129,0.41901217499536214,2.072,1713316018.865649,2024-04-17_11-06-58
6,0.06045025048269168,0.0067769967860374265,0.017523268341260053,0.03982441163730514,0.0454780059057413,0.005330503130469656,0.004184904038806003,0.012302821427044093,0.012478201725171445,-0.0519615242270663,0.40459999999999996,-0.012137112589761155,0.45007800590574126,-0.04663102109659664,0.40878490403880596,-0.039658702800022205,0.4170782017251714,2.096,1713316018.8902988,2024-04-17_11-06-58
6,0.05501722734954209,0.00433677361780592,0.014417960687767049,0.035486045707319946,0.042043261829801004,0.003411125322278573,0.0026780271559129765,0.009826109399286846,0.010551074090690615,-0.0519615242270663,0.40459999999999996,-0.016475478519746352,0.44664326182980096,-0.048550398904787725,0.40727802715591294,-0.04213541482777945,0.4151510740906906,2.122,1713316018.9157574,2024-04-17_11-06-58
6,0.04920302169340891,0.002550185609937882,0.011944882459315078,0.031166036401884287,0.03807381670857929,0.002005869680366333,0.001574780451530089,0.00793375484250898,0.008929487726953789,-0.0519615242270663,0.40459999999999996,-0.02079548782518201,0.44267381670857925,-0.049955654546699965,0.40617478045153005,-0.04402776938455732,0.41352948772695375,2.146,1713316018.9403737,2024-04-17_11-06-58
2,0.08364739419030333,0.11709565785180011,0.10987935317326446,0.0834239263825739,0.0061102423636776315,0.1101546065927663,0.039715938036746945,0.10480847055072781,0.03299479890213308,0.05908846518073248,0.4450188906600158,-0.024335461201841425,0.4389086482963382,-0.05106614141203382,0.4053029526232689,-0.04572000536999534,0.41202409175788274,2.172,1713316018.965406,2024-04-17_11-06-58
2,0.08809600427532095,0.10967444886399674,0.10502734577688666,0.08746317721601245,0.01054033208953914,0.10461302248297538,0.03293326981333505,0.10112526397501806,0.028362375551434782,0.05908846518073248,0.4450188906600158,-0.02837471203527997,0.4344785585704767,-0.045524557302242905,0.41208562084668077,-0.042036798794285575,0.41665651510858104,2.196,1713316018.990488,2024-04-17_11-06-58
2,0.09240433913420149,0.10890622045683851,0.10545697523444783,0.09114658354890585,0.015194150130587947,0.10388024747054049,0.032702584602027684,0.10133351468621357,0.02920089770773976,0.05908846518073248,0.4450188906600158,-0.03205811836817338,0.4298247405294279,-0.04479178228980801,0.41231630605798814,-0.04224504950548109,0.41581799295227606,2.222,1713316019.0155659,2024-04-17_11-06-59
2,0.09752248442896247,0.10769790110590856,0.10548151142399542,0.09540398195637163,0.020216705865831408,0.1027276915130248,0.03233974797401601,0.10117526921403129,0.029831428925862213,0.05908846518073248,0.4450188906600158,-0.036315516775639156,0.4248021847941844,-0.043639226332292315,0.4126791426859998,-0.042086804033298814,0.4151874617341536,2.246,1713316019.0403988,2024-04-17_11-06-59
2,0.1021593719309447,0.10586087819328743,0.10508880954637437,0.09916152632817357,0.024566826608091452,0.10097544637981162,0.03178812294319727,0.10061266236948402,0.030343863676176086,0.05908846518073248,0.4450188906600158,-0.040073061147441094,0.42045206405192437,-0.04188698119907915,0.41323076771681855,-0.04152419718875154,0.41467502698383973,2.272,1713316019.065619,2024-04-17_11-06-59
2,0.10690712401644747,0.10369388436669773,0.10427042752644905,0.10304589245581486,0.028472393883421876,0.09890845834158028,0.03113741356545141,0.09969990895208336,0.030532772744949865,0.05908846518073248,0.4450188906600158,-0.043957427275082374,0.41654649677659394,-0.039819993160847805,0.4138814770945644,-0.04061144377135088,0.41448611791506595,2.296,1713316019.0903687,2024-04-17_11-06-59
2,0.1110300737341995,0.10085866270893146,0.10289086217826551,0.1064090547029405,0.03169842820469798,0.09620408088538784,0.03028604735570084,0.09824507564889838,0.03056852352550027,0.05908846518073248,0.4450188906600158,-0.04732058952220802,0.41332046245531784,-0.03711561570465537,0.414732843304315,-0.0391566104681659,0.41445036713451555,2.322,1713316019.1154673,2024-04-17_11-06-59
2,0.1142549504996152,0.09781627076417371,0.10104997285493998,0.10897145422129866,0.034342624805988986,0.09330209395756983,0.029372471624685537,0.09639242544905866,0.030324863231872556,0.05908846518073248,0.4450188906600158,-0.04988298904056618,0.41067626585402683,-0.03421362877683736,0.4156464190353303,-0.03730396026832618,0.41469402742814326,2.346,1713316019.1403837,2024-04-17_11-06-59
2,0.11572340537162243,0.09409180633955962,0.09841806516284776,0.11029122820064721,0.03503928556345881,0.08974951188740725,0.028254081761992123,0.09385785515005524,0.029611122522285427,0.05908846518073248,0.4450188906600158,-0.051202763019914735,0.409979605096557,-0.03066104670667477,0.4167648088980237,-0.034769389969322766,0.4154077681377304,2.372,1713316019.1656413,2024-04-17_11-06-59
2,0.11559580210483662,0.09029093369287781,0.09535187024984303,0.11018940260954337,0.03493830300418882,0.0861240478001856,0.027112747880711108,0.09093711876205715,0.028677858905406695,0.05908846518073248,0.4450188906600158,-0.05110093742881089,0.410080587655827,-0.02703558261945312,0.4179061427793047,-0.031848653581324674,0.4163410317546091,2.396,1713316019.190512,2024-04-17_11-06-59
2,0.11495771943320504,0.0858203555805501,0.09164782295488742,0.1096797633284722,0.03443293152628474,0.08185978485269824,0.0257703134602979,0.08742378054785302,0.027502837073495268,0.05908846518073248,0.4450188906600158,-0.050591298147739716,0.4105859591337311,-0.022771319671965756,0.4192485771997179,-0.02833531536712055,0.41751605358652055,2.422,1713316019.2159424,2024-04-17_11-06-59
2,0.11324791523897691,0.08140706763620228,0.08782692129304108,0.10834894190633945,0.03294840047333375,0.07765016815776118,0.024445082249741457,0.08384127385987353,0.026157387128069975,0.05908846518073248,0.4450188906600158,-0.04926047672560698,0.41207049018668207,-0.018561702977028707,0.42057380841027436,-0.024752808679141057,0.41886150353194584,2.446,1713316019.2405062,2024-04-17_11-06-59
2,0.11033566317476175,0.07636217764588861,0.08315391286040377,0.10585779903389941,0.031114063571205886,0.07283809756659478,0.02293019227353904,0.0794420378600557,0.024566966533072443,0.05908846518073248,0.4450188906600158,-0.046769333853166936,0.41390482708880993,-0.013749632385862298,0.4220886983864768,-0.020353572679323226,0.4204519241269434,2.472,1713316019.2655513,2024-04-17_11-06-59
2,0.10582846054552258,0.0715060745845757,0.07846753738643611,0.10201092976268325,0.02816794757145319,0.06820610147274853,0.02147199162593061,0.07506229201413009,0.022864967550320525,0.05908846518073248,0.4450188906600158,-0.04292246458195078,0.41685094308856263,-0.009117636292016042,0.4235468990340852,-0.015973826833397608,0.4221539231096953,2.496,1713316019.2904704,2024-04-17_11-06-59
2,0.10092870980213293,0.0660807450093969,0.07302759550160437,0.09781140634290686,0.02489042489685389,0.0630311484120813,0.019842862466164346,0.06998719999824642,0.0208523749523023,0.05908846518073248,0.4450188906600158,-0.03872294116217439,0.42012846576316193,-0.003942683231348824,0.4251760281938515,-0.010898734817513939,0.4241665157077135,2.522,1713316019.3155699,2024-04-17_11-06-59
2,0.09473824096546983,0.060968444148431146,0.06778558878411493,0.0923484211732387,0.02114481988671324,0.058154777931559015,0.01830773021462312,0.0650888643018605,0.01892949525748422,0.05908846518073248,0.4450188906600158,-0.033259955992506224,0.4238740707733026,0.0009336872491734621,0.4267111604453927,-0.00600039912112803,0.4260893954025316,2.546,1713316019.3404226,2024-04-17_11-06-59
2,0.08795210527476212,0.0553711673614015,0.06181302410732058,0.08626287646167569,0.0171548525735582,0.05281581294536533,0.016626968391276697,0.059505225648627404,0.016732545227732987,0.05908846518073248,0.4450188906600158,-0.027174411280943216,0.4278640380864576,0.006272652235367146,0.4283919222687391,-0.0004167604678949263,0.42828634543228283,2.572,1713316019.365559,2024-04-17_11-06-59
2,0.07955212214376511,0.050199131555858485,0.056053033309210326,0.07856220810288878,0.012510779175371967,0.047882464261033424,0.015073898807317354,0.054113815319937274,0.014616344778471957,0.05908846518073248,0.4450188906600158,-0.01947374292215629,0.43250811148464385,0.011206000919699054,0.42994499185269847,0.004974649860795201,0.43040254588154386,2.596,1713316019.3904612,2024-04-17_11-06-59
2,0.07181781870532732,0.04464500776491452,0.04991386823357105,0.07125720685148408,0.008955978746964133,0.04258466077960661,0.013406095054679878,0.0483191699939821,0.01251607179313674,0.05908846518073248,0.4450188906600158,-0.0121687416707516,0.4360629119130517,0.016503804401125866,0.43161279560533594,0.010769295186750374,0.4325028188668791,2.622,1713316019.4157043,2024-04-17_11-06-59
2,0.06362932193869696,0.039611995450290184,0.044354284634231425,0.06332344554212949,0.006231521086484726,0.037783919714750154,0.011894771731442544,0.04302426910081031,0.010780298407533861,0.05908846518073248,0.4450188906600158,-0.004234980361397008,0.4387873695735311,0.021304545465982323,0.4331241189285733,0.01606419607992217,0.43423859225248196,2.646,1713316019.440543,2024-04-17_11-06-59
2,0.05519544921951413,0.03431446651792936,0.03826828095003057,0.05507127116796805,0.0037003657235595844,0.03273086935483902,0.010304018812412719,0.037198949717464826,0.008983288194642114,0.05908846518073248,0.4450188906600158,0.004017194012764434,0.44131852493645624,0.026357595825893455,0.4347148718476031,0.02188951546326765,0.4360356024653737,2.672,1713316019.465592,2024-04-17_11-06-59
2,0.045713217239895146,0.029613893534928878,0.03274119589445039,0.04569467604896906,0.0013018491470289106,0.028247225696293836,0.008892521057649483,0.031890408802515896,0.007415371535344106,0.05908846518073248,0.4450188906600158,0.013393789131763416,0.4437170415129869,0.03084123948443864,0.43612636960236634,0.02719805637821658,0.4376035191246717,2.696,1713316019.4905639,2024-04-17_11-06-59
2,0.03730286199840758,0.02477654052713342,0.027005145584106292,0.037298628337576335,0.0005619941348342095,0.023633114349446517,0.007439950714801136,0.026366217147072477,0.0058395617448741,0.05908846518073248,0.4450188906600158,0.021789836843156142,0.44558088479485003,0.03545535083128596,0.4375789399452147,0.03272224803366,0.4391793289151417,2.722,1713316019.516824,2024-04-17_11-06-59
2,0.02823975511947595,0.020589047259381765,0.021927844550534106,0.028087439245887795,0.0029290827602732605,0.019638872008554124,0.006182521595650525,0.02148135712669886,0.004402460974002209,0.05908846518073248,0.4450188906600158,0.031001025934844682,0.4479479734202891,0.03944959317217835,0.4388363690643653,0.03760710805403362,0.4406164296860136,2.746,1713316019.5406034,2024-04-17_11-06-59
2,0.020062626412166423,0.016397766939422437,0.016571098871643285,0.019149123517927642,0.005984985133591247,0.01564101738620651,0.004923955292648496,0.01634263861255074,0.0027421672074005587,0.05908846518073248,0.4450188906600158,0.039939341662804835,0.45100387579360707,0.043447447794525966,0.4400949353673673,0.04274582656818174,0.44227672345261526,2.772,1713316019.5657518,2024-04-17_11-06-59
2,0.013649041816894887,0.012884276404826036,0.011898466217770135,0.009423138563831077,0.009874249446220451,0.012289672856130508,0.003868917104985048,0.011840605857125375,0.001171986037299677,0.05908846518073248,0.4450188906600158,0.0496653266169014,0.45489314010623627,0.04679879232460197,0.44114997355503077,0.0472478593236071,0.44384690462271614,2.796,1713316019.5905015,2024-04-17_11-06-59
7,0.11747209561351539,0.10915250465255483,0.11063251770868585,0.11669789591787004,0.01346455852127626,0.10911522009206828,0.0028527208390415337,0.11063175525722863,0.00041073503302202496,-0.059088465180732484,0.44501889066001576,0.057609430737137556,0.458483449181292,0.0500267549113358,0.44216616982097423,0.05154329007649615,0.4454296256930378,2.822,1713316019.6158884,2024-04-17_11-06-59
7,0.12579827606653887,0.11042620888934014,0.11319620803287458,0.12458896806610859,0.017401014267430015,0.11042544785971137,0.000409969089504858,0.11313390443310348,0.0037551538907519832,-0.059088465180732484,0.44501889066001576,0.0655005028853761,0.4624199049274458,0.05133698267897888,0.4454288597495206,0.054045439252371,0.44877404455076775,2.846,1713316019.640692,2024-04-17_11-06-59
7,0.13276756812321844,0.1096527146849719,0.11404415619951436,0.1311860810098915,0.02043133120038043,0.10965195898607044,0.00040709740969357977,0.11395878339083465,0.004411944167830972,-0.059088465180732484,0.44501889066001576,0.072097615829159,0.4654502218603962,0.050563493805337964,0.44542598806970934,0.05487031821010217,0.44943083482784674,2.872,1713316019.6660342,2024-04-17_11-06-59
7,0.13885409910574503,0.10843611294743973,0.1141359988113047,0.1369114432755676,0.023145572766062605,0.10843536563305112,0.0004025806458596848,0.1140298889714581,0.004920431465947506,-0.059088465180732484,0.44501889066001576,0.07782297809483511,0.46816446342607837,0.04934690045231863,0.44542147130587545,0.05494142379072562,0.44993932212596327,2.896,1713316019.690652,2024-04-17_11-06-59
7,0.143810323202018,0.1065864982196269,0.11370483812952273,0.1415372135085645,0.025468141897278418,0.1065857636523173,0.00039571375371949546,0.11357605362356674,0.005410199382431258,-0.059088465180732484,0.44501889066001576,0.082448748327832,0.4704870325572942,0.04749729847158481,0.44541460441373526,0.05448758844283426,0.450429090042447,2.922,1713316019.7158108,2024-04-17_11-06-59
7,0.14815172800210225,0.10440465080269896,0.11273798029530169,0.14562501393535635,0.027244996354122697,0.10440393127213243,0.0003876134122520747,0.11259010075766585,0.005772470220146986,-0.059088465180732484,0.44501889066001576,0.08653654875462385,0.47226388701413846,0.045315466091399956,0.44540650407226784,0.053501635576933354,0.45079136088016275,2.946,1713316019.7406209,2024-04-17_11-06-59
7,0.15087050441180824,0.10154999520815551,0.11103586132305439,0.14817696067781197,0.028381286541656503,0.10154929535115659,0.00037701519859684174,0.11087482841648766,0.005977869467208741,-0.059088465180732484,0.44501889066001576,0.08908849549707949,0.47340017720167227,0.042460830170424096,0.4453959058586126,0.051786363235755174,0.4509967601272245,2.972,1713316019.7658362,2024-04-17_11-06-59
7,0.15197907589857154,0.09848674928447025,0.10880850898597326,0.1492683490280287,0.028576204951504203,0.09848607053859099,0.0003656425710757416,0.10864252623647855,0.0060077550471615004,-0.059088465180732484,0.44501889066001576,0.09017988384729624,0.47359509561151997,0.03939760535785851,0.4453845332310915,0.04955406105574606,0.45102664570717726,2.996,1713316019.790805,2024-04-17_11-06-59
7,0.15213952098015326,0.09473675563678514,0.10584983418361933,0.1494645117859486,0.028404111685784605,0.09473610273491792,0.0003517203193127427,0.10568178454512406,0.005962198592607104,-0.059088465180732484,0.44501889066001576,0.09037604660521613,0.47342300234580037,0.03564763755418544,0.4453706109793285,0.04659331936439158,0.45098108925262287,3.022,1713316019.815914,2024-04-17_11-06-59
7,0.15217377868882698,0.09090983002930171,0.10281102083013566,0.1495815536992464,0.0279681553441688,0.09090920350164225,0.00033751244943586167,0.10264367354116308,0.005863641028382438,-0.059088465180732484,0.44501889066001576,0.0904930885185139,0.47298704600418456,0.03182073832090976,0.4453564031094516,0.043555208360430586,0.4508825316883982,3.046,1713316019.8407185,2024-04-17_11-06-59
7,0.15157726669959606,0.08640860848133482,0.09910429834708959,0.14904861867285665,0.027571308489693414,0.08640801297496095,0.00032080118389260504,0.09893613411454011,0.005770902645052811,-0.059088465180732484,0.44501889066001576,0.08996015349212418,0.4725901991497092,0.02731954779422847,0.44533969184390837,0.03984766893380762,0.4507897933050686,3.072,1713316019.8657951,2024-04-17_11-06-59
7,0.15004742073241542,0.08196506979498416,0.09525190384131653,0.14754886231010908,0.027268327771298395,0.08196450491236014,0.0003043040721313339,0.09508137639190992,0.0056971088119647795,-0.059088465180732484,0.44501889066001576,0.08846039712937659,0.47228721843131416,0.022876039731627655,0.4453231947321471,0.03599291121117744,0.45071599947198054,3.096,1713316019.8906412,2024-04-17_11-06-59
7,0.14745353688728569,0.07688559976650976,0.09068000918115215,0.14499813805111122,0.026797117424846473,0.07688506989031427,0.0002854459973709589,0.09050768352247367,0.0055877802828660506,-0.059088465180732484,0.44501889066001576,0.08590967287037875,0.47181600808486224,0.01779660470958179,0.4453043366573867,0.03141921834174118,0.4506066709428818,3.122,1713316019.9158525,2024-04-17_11-06-59
7,0.14312554579792722,0.07199621070104313,0.08599684234852104,0.1407650542013959,0.02588670267980525,0.07199571452128604,0.00026729361847860345,0.08582720474049806,0.005398872136753163,-0.059088465180732484,0.44501889066001576,0.08167658902066341,0.470905593339821,0.01290724934055356,0.44528618427849437,0.026738739559765568,0.45041776279676893,3.146,1713316019.9406767,2024-04-17_11-06-59
7,0.137673743109844,0.06653369337665586,0.08048357752330484,0.13547736130619287,0.02449375666137399,0.06653323484319283,0.000247013439738375,0.08032206013579284,0.005096362084065498,-0.059088465180732484,0.44501889066001576,0.07638889612546038,0.46951264732138975,0.007444769662460347,0.44526590409975414,0.02123359495506035,0.45011525274408126,3.172,1713316019.9659364,2024-04-17_11-06-59
7,0.13068615817105866,0.06138635041185818,0.07510515127346917,0.12874739002414268,0.022427249039555675,0.06138592735258687,0.0002279033794558294,0.07495607848813347,0.004729698245286018,-0.059088465180732484,0.44501889066001576,0.0696589248434102,0.46744613969957144,0.002297462171854385,0.4452467940394716,0.01586761330740099,0.4497485889053018,3.196,1713316019.9916568,2024-04-17_11-06-59
7,0.12343810031802695,0.05575070726891923,0.0690966887519477,0.12188095397017001,0.01954476066480687,0.05575032304908154,0.0002069804526314556,0.06897644923329924,0.004074536495066561,-0.059088465180732484,0.44501889066001576,0.06279248878943752,0.46456365132482264,-0.0033381421316509424,0.4452258711126472,0.00988798405256675,0.4490934271550823,3.222,1713316020.0164204,2024-04-17_11-07-00
7,0.11572037639798936,0.05054321990826447,0.06354699594075224,0.11457396204936349,0.016248468666411275,0.05054287157711854,0.00018764709985835681,0.06345429125815522,0.0034312700300598853,-0.059088465180732484,0.44501889066001576,0.055485496868631,0.46126735932642704,-0.008545593603613948,0.4452065377598741,0.004365826077422728,0.44845016069007565,3.246,1713316020.040808,2024-04-17_11-07-00
7,0.10876651208167891,0.04495102555225191,0.05762101405897521,0.10797198004632708,0.01312271600277748,0.04495071576110148,0.00016688548129401015,0.0575549686181466,0.0027580515855906707,-0.059088465180732484,0.44501889066001576,0.0488835148655946,0.45814160666279324,-0.014137749419631002,0.4451857761413098,-0.0015334965625858812,0.44777694224560644,3.272,1713316020.0659988,2024-04-17_11-07-00
7,0.10132547300924355,0.03988351461461749,0.05221711018623132,0.10081180298022921,0.01018979197149733,0.03988323974747656,0.0001480718059350683,0.052171355376319735,0.002185468919654765,-0.059088465180732484,0.44501889066001576,0.04172333779949673,0.4552086826315131,-0.019205225433255924,0.44516696246595083,-0.006917109804412749,0.44720435957967053,3.296,1713316020.0907936,2024-04-17_11-07-00
7,0.0943839202870933,0.03454967393849413,0.04647923790723312,0.09404110766157103,0.008037069027026555,0.0345494358308402,0.00012826935298893005,0.046447770196986364,0.0017100292877964551,-0.059088465180732484,0.44501889066001576,0.034952642480838556,0.4530559596870423,-0.024539029349892286,0.4451471600130047,-0.01264069498374612,0.4467289199478122,3.322,1713316020.1159315,2024-04-17_11-07-00
7,0.08697213730125443,0.029816881027320476,0.041356088076898556,0.08679024273055433,0.005621959935797727,0.02981667553688367,0.00011069835403748618,0.04133678210461698,0.0012635134584200736,-0.059088465180732484,0.44501889066001576,0.027701777549821845,0.4506408505958135,-0.029271789643848814,0.44512958901405325,-0.017751683076115507,0.44628240411843584,3.346,1713316020.1408193,2024-04-17_11-07-00
7,0.08012088270628372,0.024946370537017468,0.03597470564859213,0.08004970184104926,0.0033765486510914378,0.024946198612912675,9.261606387089838e-05,0.03596689925853999,0.0007494025813150063,-0.059088465180732484,0.44501889066001576,0.02096123666031677,0.4483954393111072,-0.03414226656781981,0.44511150672388666,-0.023121565922192493,0.44576829324133077,3.372,1713316020.1659718,2024-04-17_11-07-00
7,0.07268396690362462,0.020730174229700096,0.03122380504049507,0.07267830319290082,0.0009073532101570581,0.020730031362558708,7.696298496262521e-05,0.03122263270355058,0.0002705702607810889,-0.059088465180732484,0.44501889066001576,0.013589838012168334,0.4459262438701728,-0.038358433818173776,0.4450958536449784,-0.027865832477181905,0.44528946092079685,3.396,1713316020.1906981,2024-04-17_11-07-00
7,0.06580597880243216,0.016510164911946016,0.026367650806446454,0.06579429696403154,0.0012398923965333264,0.016510051128046342,6.129574984603536e-05,0.026366900295243377,0.0001989418794298703,-0.059088465180732484,0.44501889066001576,0.006705831783299048,0.44377899826348244,-0.04257841405268614,0.4450801864098618,-0.03272156488548911,0.4448199487805859,3.422,1713316020.2160995,2024-04-17_11-07-00
7,0.05855770934526747,0.01297259126810502,0.022233623923769163,0.05846834817328143,0.003233819050714404,0.012972501864272214,4.816213002506453e-05,0.022226365014661152,0.0005680941987444843,-0.059088465180732484,0.44501889066001576,-0.0006201170074510557,0.44178507160930136,-0.04611596331646027,0.44506705279004083,-0.03686210016607133,0.4444507964612713,3.446,1713316020.2409544,2024-04-17_11-07-00
7,0.05254628087117718,0.009565255714372663,0.0181431974854314,0.05234699799427956,0.004572027381756605,0.009565189793038602,3.5512033017770506e-05,0.018121551433286788,0.000885995849937149,-0.059088465180732484,0.44501889066001576,-0.0067414671864529235,0.44044686327825916,-0.04952327538769388,0.44505440269303354,-0.040966913747445696,0.4441328948100786,3.472,1713316020.2660775,2024-04-17_11-07-00
7,0.04603488478272676,0.006842251705246723,0.014752076506634322,0.045658598894430476,0.005873922365544126,0.006842204550170698,2.5402589928391617e-05,0.01470885912034424,0.0011283725605749084,-0.059088465180732484,0.44501889066001576,-0.013429866286302009,0.43914496829447164,-0.052246260630561786,0.44504429324994416,-0.044379606060388245,0.44389051809944086,3.496,1713316020.2909153,2024-04-17_11-07-00
7,0.03996020341474222,0.004378531910010234,0.011458487840043614,0.03938950694807115,0.006729383280467127,0.0043785017342707275,1.6255767164075063e-05,0.011380702777030807,0.0013328720423621543,-0.059088465180732484,0.44501889066001576,-0.019698958232661337,0.43828950737954864,-0.05470996344646176,0.44503514642717984,-0.04770776240370168,0.4436860186176536,3.522,1713316020.315991,2024-04-17_11-07-00
3,0.08467706915934974,0.11576416931586044,0.10944536354997697,0.0779827040648958,0.03299854403067176,0.10847526609967409,0.04042844966105058,0.1022731045515146,0.03896793153326966,0.05196152422706632,0.4046,-0.026021179837829478,0.4375985440306718,-0.05651374187260777,0.4450284496610506,-0.05031158032444828,0.4435679315332697,3.546,1713316020.3409076,2024-04-17_11-07-00
3,0.0901709649688105,0.10920250235124519,0.10539600008473297,0.08409681391846491,0.03253503975976574,0.10204615872243834,0.038881461003524964,0.09845628976164367,0.037612176754773075,0.05196152422706632,0.4046,-0.03213528969139859,0.43713503975976575,-0.050084634495372024,0.443481461003525,-0.04649476553457734,0.4422121767547731,3.572,1713316020.366071,2024-04-17_11-07-00
3,0.09642321555846607,0.10847607440824285,0.10593827005975993,0.09108050465490147,0.03165087945765305,0.10136733562245481,0.038622816932834425,0.09917535853813131,0.037244668371294865,0.05196152422706632,0.4046,-0.039118980427835154,0.43625087945765306,-0.049405811395388494,0.44322281693283444,-0.04721383431106498,0.4418446683712949,3.596,1713316020.390822,2024-04-17_11-07-00
3,0.10268399970552355,0.10715100016950553,0.10623272200367344,0.09781347193877057,0.03124945604018259,0.10012909718309856,0.03815102534169923,0.09966597213423296,0.036770711481395935,0.05196152422706632,0.4046,-0.04585194771170426,0.4358494560401826,-0.04816757295603224,0.44275102534169924,-0.047704447907166644,0.44137071148139595,3.622,1713316020.4159448,2024-04-17_11-07-00
3,0.10858443488700735,0.105442760309252,0.10594901828487195,0.10399360315334708,0.031239558302173565,0.09853280303083878,0.037542807946666645,0.09954171973853951,0.03628554129432526,0.05196152422706632,0.4046,-0.052032078926280756,0.4358395583021736,-0.046571278803772466,0.44214280794666666,-0.04758019551147318,0.4408855412943253,3.646,1713316020.4410284,2024-04-17_11-07-00
3,0.11351150242722889,0.10308470711400426,0.10510677982785992,0.10910017001564648,0.03133710397984829,0.09632927961830537,0.03670322504901141,0.0988834576977736,0.035630000835178754,0.05196152422706632,0.4046,-0.057138645788580154,0.4359371039798483,-0.04436775539123904,0.4413032250490114,-0.04692193347070727,0.44023000083517877,3.672,1713316020.4662182,2024-04-17_11-07-00
3,0.11765401742272905,0.10046030203633714,0.10377108008414447,0.11343480601648734,0.031225191748165737,0.09387685910282863,0.035768807783035594,0.0977363051198491,0.03487193317482823,0.05196152422706632,0.4046,-0.06147328178942101,0.43582519174816575,-0.04191533487576231,0.4403688077830356,-0.04577478089278278,0.43947193317482824,3.696,1713316020.491004,2024-04-17_11-07-00
3,0.12012534422043142,0.09715988854646088,0.10165615980702876,0.11604777663087842,0.031032432439415447,0.09079273088611153,0.03459369827877368,0.0958437400350649,0.03388144511090202,0.05196152422706632,0.4046,-0.0640862524038121,0.43563243243941546,-0.03883120665904521,0.4391936982787737,-0.04388221580799859,0.43848144511090204,3.722,1713316020.5161874,2024-04-17_11-07-00
3,0.12076280612908674,0.09372017266673162,0.09902846049496297,0.11672701421489953,0.030958997022610957,0.08757842915249432,0.03336899027335888,0.09340814616497536,0.032886991623209294,0.05196152422706632,0.4046,-0.06476548998783321,0.43555899702261097,-0.035616904925428,0.4379689902733589,-0.041446621937909045,0.4374869916232093,3.746,1713316020.5409756,2024-04-17_11-07-00
3,0.12043506604305125,0.08960423192174957,0.0956713983012059,0.11641139315968424,0.030870579447356328,0.08373221744936296,0.03190351296173011,0.09026805259142721,0.03169692625885534,0.05196152422706632,0.4046,-0.06444986893261792,0.43547057944735634,-0.031770693222296635,0.4365035129617301,-0.038306528364360895,0.43629692625885536,3.772,1713316020.5661645,2024-04-17_11-07-00
3,0.11930667049963571,0.08548139159220124,0.09216559204388376,0.11525937454747322,0.03081165696021443,0.07987955831062701,0.030435579058700202,0.08697611692877968,0.030490185975012574,0.05196152422706632,0.4046,-0.0632978503204069,0.43541165696021444,-0.0279180340835607,0.4350355790587002,-0.035014592701713365,0.4350901859750126,3.796,1713316020.5910118,2024-04-17_11-07-00
3,0.11745345452669317,0.08070809688669692,0.0879714921435152,0.11337563146251624,0.030680289612871614,0.07541907087985235,0.02873605141094132,0.08301038299638513,0.02912489905132737,0.05196152422706632,0.4046,-0.06141410723544992,0.43528028961287163,-0.02345754665278603,0.43333605141094134,-0.03104885876931881,0.4337248990513274,3.822,1713316020.6161916,2024-04-17_11-07-00
3,0.1135037165148563,0.07606057054907858,0.0835494876686991,0.10947245409613571,0.02998125175596117,0.07107610986610316,0.02708130348696297,0.0788387198917956,0.027658147724045012,0.05196152422706632,0.4046,-0.05751092986906939,0.4345812517559612,-0.019114585639036844,0.431681303486963,-0.026877195664729275,0.432258147724045,3.846,1713316020.6409726,2024-04-17_11-07-00
3,0.10795610536307937,0.07081335692168997,0.07817709427547152,0.10395911487072816,0.029103661633187006,0.06617276073817968,0.025213037397471216,0.07373003156468938,0.025991162244614396,0.05196152422706632,0.4046,-0.05199759064366184,0.433703661633187,-0.014211236511113362,0.42981303739747123,-0.02176850733762306,0.4305911622446144,3.872,1713316020.666206,2024-04-17_11-07-00
3,0.10081430802295442,0.06581974640679351,0.07287955702507189,0.09680082052948641,0.028162490070398505,0.06150639540561504,0.023435066487269562,0.06867876681115431,0.024385586346647337,0.05196152422706632,0.4046,-0.04483929630242009,0.4327624900703985,-0.00954487117854872,0.4280350664872696,-0.01671724258408799,0.42898558634664735,3.896,1713316020.6910722,2024-04-17_11-07-00
3,0.09331485134053599,0.06030026133454988,0.06687831614423576,0.08905714698970824,0.027865499291414686,0.056348617537698986,0.02146985837412846,0.06289032342810083,0.022748986557585726,0.05196152422706632,0.4046,-0.037095622762641924,0.4324654992914147,-0.004387093310632667,0.4260698583741285,-0.010928799201034518,0.42734898655758574,3.922,1713316020.716131,2024-04-17_11-07-00
3,0.08450139288269343,0.055152468294013726,0.06113743385879292,0.07970204017799687,0.028072587885342615,0.0515381736891215,0.019636990902685003,0.057304270740502365,0.021307425319298523,0.05196152422706632,0.4046,-0.027740515950930553,0.43267258788534263,0.0004233505379448166,0.424236990902685,-0.005342746513436046,0.42590742531929854,3.946,1713316020.7409284,2024-04-17_11-07-00
3,0.07619861486887243,0.04957282249287851,0.05489751213904161,0.07095169723078794,0.02778642776618373,0.046324177592161744,0.01765036261158115,0.051249681519886986,0.019677575642501666,0.05196152422706632,0.4046,-0.01899017300372162,0.43238642776618375,0.005637346634904575,0.42225036261158116,0.0007118427071793362,0.4242775756425017,3.972,1713316020.766117,2024-04-17_11-07-00
3,0.06777570362461842,0.04446867372633485,0.04924139066488906,0.062128313052156714,0.02708539678692795,0.04155451788694426,0.015833034647939503,0.04578759292231382,0.018116591539047877,0.05196152422706632,0.4046,-0.010166788825090397,0.43168539678692797,0.010407006340122059,0.4204330346479395,0.006173931304752502,0.4227165915390479,3.996,1713316020.7911038,2024-04-17_11-07-00
3,0.060632118546396066,0.03904328985534427,0.04333073789186168,0.054665393510974304,0.026228773355125745,0.03648467450690426,0.013901331189986044,0.04012081830771827,0.016366819623014006,0.05196152422706632,0.4046,-0.0027038692839079824,0.43082877335512576,0.015476849720162056,0.41850133118998606,0.011840705919348049,0.420966819623014,4.022,1713316020.8162591,2024-04-17_11-07-00
3,0.053200464154479765,0.034178934937451784,0.03805488368910433,0.04725815839776967,0.024432679982011762,0.03193909429266231,0.012169381628619746,0.03511999571082163,0.014654694601496432,0.05196152422706632,0.4046,0.004703365829296648,0.4290326799820118,0.020022429934404007,0.41676938162861976,0.016841528516244687,0.41925469460149645,4.046,1713316020.8411,2024-04-17_11-07-00
3,0.046322652114523195,0.02911630745617767,0.03249439834592355,0.04060412542289197,0.02229558471009896,0.027208234867436093,0.010366837284394026,0.029887412978527265,0.012752586769535001,0.05196152422706632,0.4046,0.011357398804174348,0.426895584710099,0.024753289359630226,0.41496683728439404,0.022074111248539054,0.417352586769535,4.072,1713316020.8661563,2024-04-17_11-07-00
3,0.039146073046954825,0.024678680818469294,0.027602818355348998,0.033755034612067095,0.019824547241631407,0.02306141824261225,0.008786823975657831,0.025295071063533427,0.011048753823358792,0.05196152422706632,0.4046,0.01820648961499922,0.4244245472416314,0.02890010598445407,0.41338682397565785,0.026666453163532892,0.4156487538233588,4.096,1713316020.8911076,2024-04-17_11-07-00
3,0.032155917719817344,0.020173363661862804,0.02248714306308685,0.027349077662400925,0.016912450899252474,0.018851347046814695,0.0071827095134299745,0.020550893169931937,0.009128657790594408,0.05196152422706632,0.4046,0.024612446564665394,0.4215124508992525,0.033110177180251624,0.41178270951343,0.03141063105713438,0.4137286577905944,4.122,1713316020.9163532,2024-04-17_11-07-00
3,0.02375793439650631,0.016333000807375996,0.017841616990121257,0.019811044581677165,0.013113426683041218,0.015262653848739385,0.005815351482696962,0.016266544620549037,0.007329585454162513,0.05196152422706632,0.4046,0.032150479645389154,0.41771342668304123,0.036698870378326934,0.410415351482697,0.03569497960651728,0.41192958545416253,4.146,1713316020.941066,2024-04-17_11-07-00
3,0.015470342648157331,0.012558130787154547,0.013052414015958212,0.01243228779465215,0.009207047400895618,0.011735161557389892,0.004471312121652582,0.011874586804842338,0.005418459177501167,0.05196152422706632,0.4046,0.03952923643241417,0.41380704740089563,0.04022636266967643,0.4090713121216526,0.04008693742222398,0.4100184591775012,4.172,1713316020.966198,2024-04-17_11-07-00
8,0.112086507766796,0.10928158900438796,0.10967512164250243,0.08613064799038206,0.07172793528405036,0.0816862775551559,0.07259351041591805,0.0824464252155862,0.07232716831501462,-0.03856725658119237,0.48056266658713864,0.04756339140918969,0.4088347313030883,0.04311902097396353,0.4079691561712206,0.04387916863439383,0.408235498272124,4.196,1713316020.9911277,2024-04-17_11-07-00
8,0.12074792216187835,0.10943175060649696,0.11168496108950547,0.09331324174620043,0.07663354109804787,0.08226347513885807,0.0721666730484441,0.08447342846032653,0.07306004665836485,-0.03856725658119237,0.48056266658713864,0.054745985165008046,0.40392912548909077,0.043696218557665686,0.40839599353869455,0.04590617187913416,0.4075026199287738,4.222,1713316021.0164564,2024-04-17_11-07-01
8,0.12989290023634129,0.10870379767702532,0.112789084263985,0.1011504210514732,0.0814908452092491,0.0817162487865064,0.07168661181608071,0.08548066639670973,0.07358283224694961,-0.03856725658119237,0.48056266658713864,0.06258316447028084,0.39907182137788955,0.043148992205314034,0.40887605477105793,0.046913409815517365,0.40697983434018903,4.246,1713316021.0411782,2024-04-17_11-07-01
8,0.13764304029465968,0.10737594171670865,0.11339727856505602,0.108345164998987,0.08489364972069224,0.08071805543609308,0.07081093408623995,0.08624347734867185,0.0736274772131304,-0.03856725658119237,0.48056266658713864,0.06977790841779462,0.3956690168664464,0.0421507988549007,0.4097517325008987,0.04767622076747949,0.40693518937400824,4.272,1713316021.06639,2024-04-17_11-07-01
8,0.14525046721061485,0.1056641157572442,0.11344511466513756,0.1156176551858688,0.08792187460594458,0.07943121910680112,0.06968204065587957,0.08658138895585815,0.07330386843721559,-0.03856725658119237,0.48056266658713864,0.07705039860467643,0.39264079198119406,0.04086396252560875,0.41088062593125907,0.04801413237466577,0.40725879814992305,4.296,1713316021.091124,2024-04-17_11-07-01
8,0.15127941764637876,0.10330111231297133,0.1128242884850876,0.12141320781292672,0.0902457487752335,0.07765487107239955,0.06812371689673224,0.08640653842050498,0.07254812327243254,-0.03856725658119237,0.48056266658713864,0.08284595123173435,0.39031691781190514,0.03908761449120717,0.4124389496904064,0.04783928183931261,0.4080145433147061,4.322,1713316021.1164217,2024-04-17_11-07-01
8,0.1557851451404324,0.10067119783513322,0.11153307812897917,0.12643373739731859,0.09101385330910605,0.07567787716463587,0.06638937400981287,0.08574996060509646,0.07132020592475441,-0.03856725658119237,0.48056266658713864,0.08786648081612622,0.3895488132780326,0.03711062058344349,0.41417329257732577,0.04718270402390408,0.40924246066238423,4.346,1713316021.1411555,2024-04-17_11-07-01
8,0.1574268758727771,0.09736385580408004,0.10923775703284049,0.12913752027227862,0.09003733728287167,0.07319163850502064,0.0642082897295051,0.08438081485847224,0.0693740992401784,-0.03856725658119237,0.48056266658713864,0.09057026369108624,0.390525329304267,0.03462438192382827,0.41635437685763355,0.04581355827727986,0.41118856734696024,4.372,1713316021.16706,2024-04-17_11-07-01
8,0.15747062358915093,0.09391691894637855,0.1064759291068615,0.12968564214973544,0.08932318575692888,0.07060046178594964,0.06193514721054033,0.0824174978587068,0.06741275491981807,-0.03856725658119237,0.48056266658713864,0.09111838556854306,0.39123948083020976,0.03203320520475726,0.4186275193765983,0.043850241277514426,0.41314991166732057,4.396,1713316021.1911635,2024-04-17_11-07-01
8,0.1565922828444742,0.0897923376280196,0.10300075662095308,0.12904726021080482,0.08870145251645345,0.06749987725851106,0.05921512025479814,0.07980935384896981,0.06511238670712921,-0.03856725658119237,0.48056266658713864,0.09048000362961245,0.3918612140706852,0.028932620677318693,0.4213475463323405,0.041242097267777444,0.41545027988000943,4.422,1713316021.2163384,2024-04-17_11-07-01
8,0.15419309378696297,0.08566084224083176,0.09926040156079197,0.1274602814319387,0.08677203944178186,0.06439409519629799,0.056490533695998824,0.07702287892621698,0.0626107294313602,-0.03856725658119237,0.48056266658713864,0.08889302485074631,0.3937906271453568,0.025826838615105614,0.4240721328911398,0.0384556223450246,0.41795193715577844,4.446,1713316021.241118,2024-04-17_11-07-01
8,0.15082250822257054,0.08087752698213972,0.09470611779361059,0.12488592323866407,0.08456320218259161,0.06079831852559771,0.053336093175322674,0.07361583946821099,0.05958151497677644,-0.03856725658119237,0.48056266658713864,0.0863186666574717,0.39599946440454703,0.02223106194440534,0.42722657341181597,0.03504858288701861,0.4209811516103622,4.472,1713316021.2664204,2024-04-17_11-07-01
8,0.1463366677167718,0.07622024411622583,0.09016111665558664,0.12134965908865836,0.08178435398971667,0.05729728458315076,0.05026476691017767,0.07014988211269213,0.0566393943837476,-0.03856725658119237,0.48056266658713864,0.08278240250746599,0.39877831259742197,0.018730028001958388,0.43029789967696097,0.03158262553149975,0.42392327220339104,4.496,1713316021.2911818,2024-04-17_11-07-01
8,0.14122703625428223,0.07096201504007818,0.08486329125180893,0.11709614672150398,0.0789529492301862,0.053344499450108995,0.04679713620474657,0.06609482890438799,0.053228298809834484,-0.03856725658119237,0.48056266658713864,0.0785288901403116,0.40160971735695244,0.014777242868916622,0.4337655303823921,0.027527572323195616,0.42733436777730416,4.522,1713316021.316304,2024-04-17_11-07-01
8,0.13447210033803467,0.06595792146414099,0.0796285733089997,0.11133384206344482,0.07541565739761463,0.04958275639843395,0.043497099579205833,0.06202510412965779,0.049935920387350896,-0.03856725658119237,0.48056266658713864,0.07276658548225244,0.405147009189524,0.011015499817241578,0.4370655670079328,0.023457847548465416,0.43062674619978775,4.546,1713316021.3413298,2024-04-17_11-07-01
8,0.126839849740111,0.06042684936508519,0.07359223853621462,0.10458610840639115,0.07176415129088154,0.045424866118966054,0.039849537792359724,0.05725711457645107,0.04623246049206409,-0.03856725658119237,0.48056266658713864,0.06601885182519877,0.4087985152962571,0.00685760953777368,0.4407131287947789,0.0186898579952587,0.43433020609507456,4.572,1713316021.366441,2024-04-17_11-07-01
8,0.11867764275201502,0.055268249588920015,0.06800097790948462,0.09694521300881447,0.06845442691200104,0.041546975633928986,0.03644760936326097,0.052769781259104795,0.04288919657107659,-0.03856725658119237,0.48056266658713864,0.05837795642762209,0.4121082396751376,0.0029797190527366124,0.4441150572238777,0.014202524677912418,0.43767347001606205,4.596,1713316021.3912928,2024-04-17_11-07-01
8,0.11134894188441659,0.049676890465861816,0.06194852550230719,0.09021461061126425,0.06526799285283064,0.03734376559970318,0.032760290248892154,0.04791793460201539,0.03926183076967987,-0.03856725658119237,0.48056266658713864,0.051647354030071875,0.415294673734308,-0.0012234909814891962,0.4478023763382465,0.009350678020823018,0.44130083581745877,4.622,1713316021.4164276,2024-04-17_11-07-01
8,0.10316342865379619,0.04456202658589053,0.05635506311232381,0.08248526507998977,0.06195864795402428,0.03349875283789801,0.02938720421794211,0.04341236563515628,0.035934101468570234,-0.03856725658119237,0.48056266658713864,0.04391800849879739,0.41860401863311436,-0.0050685037432943655,0.45117546236919653,0.004845109053963911,0.4446285651185684,4.646,1713316021.4413025,2024-04-17_11-07-01
8,0.09541867740596965,0.03912525323425875,0.05035960532991287,0.07561124808246097,0.058203635292969846,0.02941175005334224,0.025801829381743413,0.03865164965916598,0.03228219056398873,-0.03856725658119237,0.48056266658713864,0.037043991501268594,0.4223590312941688,-0.009155506527850132,0.45476083720539523,8.439307797361226e-05,0.4482804760231499,4.672,1713316021.4665084,2024-04-17_11-07-01
8,0.08740950370959849,0.034250686600939974,0.04497804804526684,0.068339532637677,0.05449889556332488,0.02574737669889715,0.022587211553463105,0.03436049712083798,0.029023801328758037,-0.03856725658119237,0.48056266658713864,0.029772276056484637,0.42606377102381376,-0.012819879882295222,0.45797545503367554,-0.004206759460354391,0.4515388652583806,4.696,1713316021.4913313,2024-04-17_11-07-01
8,0.07955426452681823,0.02917743117166025,0.03924985936398161,0.06109241406634923,0.050956824351098495,0.021933642389004353,0.019241564939688316,0.029765396724473328,0.02558461682197033,-0.03856725658119237,0.48056266658713864,0.02252515748515686,0.42960584223604015,-0.01663361419218802,0.4613211016474503,-0.008801859856719045,0.4549780497651683,4.722,1713316021.5164137,2024-04-17_11-07-01
8,0.07147145483743975,0.024730488647023915,0.034186007436007915,0.05373651036860787,0.047122779098698,0.018590728254926414,0.016308951274440042,0.02571531231687322,0.022525670175612023,-0.03856725658119237,0.48056266658713864,0.015169253787415498,0.43343988748844064,-0.01997652832626596,0.4642537153126986,-0.012851944264319152,0.4580369964115266,4.746,1713316021.541245,2024-04-17_11-07-01
8,0.06504152080809167,0.02021571350112898,0.029178995867649944,0.04790188818077915,0.04399782423876836,0.015196822090458903,0.013331604206196224,0.02173783530852295,0.01946484821271066,-0.03856725658119237,0.48056266658713864,0.009334631599586777,0.4365648423483703,-0.02337043449073347,0.4672310623809424,-0.016829421272669422,0.461097818374428,4.772,1713316021.5664306,2024-04-17_11-07-01
8,0.05838774612242698,0.016367288592522858,0.024871842299656843,0.04207925876138684,0.04047795547392724,0.012303833492192898,0.01079369340250691,0.018354847534353264,0.016784162516183088,-0.03856725658119237,0.48056266658713864,0.003512002180194465,0.4400847111132114,-0.026263423088999475,0.46976897318463173,-0.02021240904683911,0.46377850407095556,4.796,1713316021.5912752,2024-04-17_11-07-01
8,0.05202630638104748,0.01258449400695439,0.020459535678017778,0.03653443933982918,0.03704013090931191,0.009460181383726646,0.008299063657911221,0.014875032974947154,0.01404727710819137,-0.03856725658119237,0.48056266658713864,-0.00203281724136319,0.44352253567782673,-0.029107075197465727,0.4722636029292274,-0.02369222360624522,0.4665153894789473,4.822,1713316021.6168892,2024-04-17_11-07-01
8,0.044495402459374236,0.009482479525394556,0.016597978349522056,0.03039642254089637,0.03249458934556604,0.00712829425069722,0.006253386204689737,0.011886434918437487,0.01158471191790944,-0.03856725658119237,0.48056266658713864,-0.008170834040296003,0.4480680772415726,-0.03143896233049515,0.4743092803824489,-0.026680821662754886,0.4689779546692292,4.846,1713316021.6413276,2024-04-17_11-07-01
8,0.03763861664015681,0.006577036174660313,0.012766611594733383,0.02508548885301311,0.028060358365317506,0.004944176154022123,0.004337341005822504,0.00897243869382032,0.009081944477721537,-0.03856725658119237,0.48056266658713864,-0.013481767728179262,0.45250230822182114,-0.03362308042717025,0.47622532558131614,-0.029594817887372053,0.4714807221094171,4.872,1713316021.666405,2024-04-17_11-07-01
4,0.08814934115508552,0.11407494607101706,0.10875247398535198,0.03974688986625561,0.07867967394464342,0.05582546157971825,0.09948171269392608,0.052504248282175765,0.09523867129616154,0.020521208599540132,0.3782184427528455,-0.019225681266715478,0.4568981166974889,-0.03530425298017812,0.4777001554467716,-0.03198303968263563,0.47345711404900703,4.896,1713316021.6913102,2024-04-17_11-07-01
4,0.09382181842466661,0.10851115032082717,0.10557312177337243,0.04491874426061397,0.08237014038206242,0.05238774042599328,0.09502733499897753,0.050893941192917416,0.09249589607559455,0.020521208599540132,0.3782184427528455,-0.024397535661073836,0.4605885831349079,-0.031866531826453146,0.473245777751823,-0.030372732593377288,0.47071433882844005,4.922,1713316021.7166514,2024-04-17_11-07-01
4,0.09947796494258279,0.1077893213331833,0.10605001193445136,0.049968111656935016,0.08601775006681939,0.052039250989425336,0.09439520194336065,0.05155647594523336,0.09267434822757509,0.020521208599540132,0.3782184427528455,-0.02944690305739488,0.4642361928196649,-0.031518042389885204,0.47261364469620615,-0.03103526734569323,0.4708927909804206,4.946,1713316021.7415128,2024-04-17_11-07-01
4,0.1032028257339386,0.1064726360300993,0.10580623944625178,0.05328355395692305,0.08838374351196815,0.051403572833984695,0.09324213062290687,0.05177956905857237,0.09227045320071914,0.020521208599540132,0.3782184427528455,-0.03276234535738292,0.46660218626481365,-0.030882364234444563,0.47146057337575237,-0.031258360459032235,0.47048889595356463,4.972,1713316021.76646,2024-04-17_11-07-01
4,0.10586130892790052,0.10477521089542804,0.10491679465250302,0.05606474619849796,0.08979621908313512,0.05058407855081842,0.09175563097350514,0.05164218099139519,0.09132698912483356,0.020521208599540132,0.3782184427528455,-0.03554353759895783,0.4680146618359806,-0.030062869951278295,0.46997407372635064,-0.03112097239185506,0.46954543187767905,4.996,1713316021.791385,2024-04-17_11-07-01
4,0.10643951053526211,0.10243208634036041,0.10320380218070957,0.056827159648429486,0.09000024071788965,0.04945284917380302,0.08970366782151185,0.05092771126872831,0.08976298240078745,0.020521208599540132,0.3782184427528455,-0.036305951048889354,0.46821868347073514,-0.028931640574262885,0.46792211057435734,-0.03040650266918818,0.46798142515363295,5.022,1713316021.8168333,2024-04-17_11-07-01
4,0.1062683190445354,0.09982429615466022,0.10108167880693501,0.056900006690978375,0.08975157308436316,0.048193842749762815,0.08741992692621314,0.04993507553800593,0.08788625615784312,0.020521208599540132,0.3782184427528455,-0.03637879809143824,0.46797001583720865,-0.027672634150222683,0.46563836967905864,-0.0294138669384658,0.4661046989106886,5.046,1713316021.841525,2024-04-17_11-07-01
4,0.10480398582820309,0.0965447773102208,0.0981653619864043,0.05615058532571937,0.08849286532290218,0.04661053466173059,0.08454792773585723,0.04851854479452834,0.0853369152532662,0.020521208599540132,0.3782184427528455,-0.03562937672617924,0.4667113080757477,-0.026089326062190457,0.4627663704887027,-0.027997336194988214,0.4635553580061117,5.072,1713316021.8689275,2024-04-17_11-07-01
4,0.10210118043355555,0.09312683798786259,0.09494883900161702,0.05482004715423212,0.08613601729783676,0.04496039900763338,0.08155470847653129,0.0469486917081435,0.08252940309155693,0.020521208599540132,0.3782184427528455,-0.034298838554691985,0.46435446005068226,-0.024439190408093246,0.4597731512293768,-0.026427483108603374,0.4607478458444024,5.096,1713316021.8913825,2024-04-17_11-07-01
4,0.09886662127336811,0.08903695492406781,0.09096464719574537,0.05369558727238915,0.08301441266120507,0.04298585785047801,0.07797304256606241,0.045127803734860236,0.07898131658509094,0.020521208599540132,0.3782184427528455,-0.03317437867284902,0.46123285541405057,-0.02246464925093788,0.4561914853189079,-0.024606595135320108,0.45719975933793644,5.122,1713316021.9168856,2024-04-17_11-07-01
4,0.0944995919282792,0.08494021595640729,0.08688389375594652,0.052132805708328095,0.07881842071235001,0.04100800675410402,0.07438537268022838,0.04327830042469836,0.07533790351837616,0.020521208599540132,0.3782184427528455,-0.03161159710878796,0.4570368634651955,-0.02048679815456389,0.4526038154330739,-0.022757091825158227,0.45355634627122166,5.146,1713316021.9416444,2024-04-17_11-07-01
4,0.08949870984657618,0.08019714058576599,0.0820036215990627,0.0499093940770439,0.07429045327001288,0.03871811303715956,0.07023168146196451,0.04095636924513643,0.0710434358235742,0.020521208599540132,0.3782184427528455,-0.02938818547750377,0.4525088960228584,-0.018196904437619427,0.44845012421481,-0.020435160645596296,0.4492618785764197,5.172,1713316021.9666421,2024-04-17_11-07-01
4,0.08370195798401515,0.0755790373538527,0.07724353644383926,0.046535570930902014,0.06957340302509879,0.03648855420695076,0.06618743309134656,0.03852169879775489,0.06695254023624325,0.020521208599540132,0.3782184427528455,-0.02601436233136188,0.4477918457779443,-0.01596734560741063,0.44440587584419206,-0.018000490198214758,0.44517098298908875,5.196,1713316021.9915097,2024-04-17_11-07-01
4,0.07718155972838113,0.07036504340291128,0.07169175980342526,0.04239818435618618,0.06449331070277375,0.03397130726157218,0.06162134058938867,0.03565668268049498,0.062195734612065734,0.020521208599540132,0.3782184427528455,-0.02187697575664605,0.44271175345561925,-0.013450098662032048,0.43983978334223417,-0.01513547408095485,0.44041417736491123,5.222,1713316022.016631,2024-04-17_11-07-02
4,0.07027328780258682,0.0654030470240855,0.06646267218670414,0.03732940256884085,0.059538648644713255,0.031575721393022504,0.05727593193082903,0.032801911686126645,0.057804164070876796,0.020521208599540132,0.3782184427528455,-0.016808193969300715,0.43775709139755875,-0.011054512793482373,0.4354943746836745,-0.01228070308658651,0.4360226068237223,5.246,1713316022.0414865,2024-04-17_11-07-02
4,0.06302822816306722,0.05991850535633716,0.06053665758612173,0.0319390316127056,0.05433650527056605,0.02892785760763236,0.05247291051933323,0.02953009240864701,0.05284562946957977,0.020521208599540132,0.3782184427528455,-0.011417823013165473,0.43255494802341155,-0.008406649008092227,0.4306913532721787,-0.009008883809106877,0.43106407222242527,5.272,1713316022.0668216,2024-04-17_11-07-02
4,0.05512384750837079,0.05480330256871756,0.05496923321809119,0.025906978164503346,0.04865662387085712,0.026458305722210133,0.04799333319064708,0.026422814164804218,0.04820219385253249,0.020521208599540132,0.3782184427528455,-0.005385769564963212,0.4268750666237026,-0.0059370971226700014,0.4262117759434926,-0.005901605565264087,0.426420636605378,5.296,1713316022.0914373,2024-04-17_11-07-02
4,0.047851704324030006,0.04925898104468743,0.048960678660431,0.020281371807723034,0.04334110709605016,0.02378158101714185,0.043137960288891664,0.023081539175258087,0.04317858965032334,0.020521208599540132,0.3782184427528455,0.00023983679181709735,0.42155954984889565,-0.003260372417601718,0.42135640304173716,-0.002560330575717955,0.42139703240316884,5.322,1713316022.1166854,2024-04-17_11-07-02
4,0.04033786241882609,0.04418714622276346,0.04347168668514989,0.015073385255577148,0.03741572131413601,0.021332966608863194,0.03869636193464454,0.020155172466020218,0.0385169646534721,0.020521208599540132,0.3782184427528455,0.005447823343962985,0.4156341640669815,-0.0008117580093230624,0.41691480468749004,0.0003660361335199136,0.4167354074063176,5.346,1713316022.1415634,2024-04-17_11-07-02
4,0.03402425961025073,0.03879611000932872,0.03774963961771661,0.010768259326992399,0.032275297567836314,0.018730246013408038,0.0339752268003195,0.01713784867612491,0.033635240953822865,0.020521208599540132,0.3782184427528455,0.009752949272547733,0.4104937403206818,0.0017909625861320944,0.412193669553165,0.003383359923415222,0.41185368370666836,5.372,1713316022.1669824,2024-04-17_11-07-02
4,0.027368544637611427,0.03396255092098913,0.032624732179881794,0.007104263561957622,0.02643041193063722,0.016396667960784324,0.02974229555438801,0.014590931515733659,0.029180093682375063,0.020521208599540132,0.3782184427528455,0.01341694503758251,0.4046488546834827,0.004124540638755808,0.4079607383072335,0.005930277083806473,0.40739853643522056,5.396,1713316022.1916792,2024-04-17_11-07-02
4,0.021732482582301094,0.02893197451650419,0.0273166448436671,0.004177669109849656,0.021327162961787216,0.01396797256780312,0.025336828763062424,0.012009911876212427,0.02453489560280736,0.020521208599540132,0.3782184427528455,0.016343539489690476,0.3995456057146327,0.006553236031737013,0.4035552715159079,0.008511296723327705,0.40275333835565286,5.422,1713316022.216628,2024-04-17_11-07-02
4,0.01478387699268255,0.024522442126822742,0.022438045252307748,0.0007509521010440681,0.014764792239537472,0.011839108966711025,0.02147523379937255,0.009652608957641256,0.02025569093009355,0.020521208599540132,0.3782184427528455,0.019770256498496064,0.39298323499238297,0.008682099632829107,0.39969367655221805,0.010868599641898876,0.39847413368293905,5.446,1713316022.2414918,2024-04-17_11-07-02
4,0.009579120034366876,0.020045647761332146,0.017498699458468193,0.0022439814416678333,0.009312576867991973,0.009677772178127958,0.017554734969222774,0.007293421454168801,0.015906303348976636,0.020521208599540132,0.3782184427528455,0.022765190041207965,0.38753101962083747,0.010843436421412174,0.39577317772206827,0.01322778714537133,0.39412474610182213,5.472,1713316022.266824,2024-04-17_11-07-02
4,0.006484091184546009,0.01622959792715006,0.01317755831656597,0.0056879833650329975,0.0031129220563025917,0.007835434062877004,0.014212875216621734,0.005211882955951555,0.012103070653349035,0.020521208599540132,0.3782184427528455,0.02620919196457313,0.3813313648091481,0.012685774536663127,0.39243131796946723,0.015309325643588577,0.39032151340619453,5.496,1713316022.2916071,2024-04-17_11-07-02
4,0.00962713701296053,0.012478626297504396,0.008698144968253567,0.00919413404988743,0.00285476201092405,0.006024514839385681,0.010928006919049327,0.0029807850615310577,0.008171453133054618,0.020521208599540132,0.3782184427528455,0.029715342649427563,0.37536368074192145,0.014496693760154451,0.3891464496718948,0.017540423538009074,0.3863898958859001,5.522,1713316022.3168082,2024-04-17_11-07-02
