target_id,h_err,r_err,t_err,hy_err,hz_err,ry_err,rz_err,ty_err,tz_err,refy,refz,hy,hz,ry,rz,ty,tz,times_from_start,times,datetimes
5,0.11542438992626756,0.11721868896456569,0.11685978579022903,0.020349181889986943,0.11361646265510683,0.020415800678311377,0.11542710307910814,0.02040247692064649,0.1150649749943079,-0.020521208599540118,0.3782184427528455,-0.0001720267095531745,0.4918349054079523,-0.00010540792122874241,0.49364554583195364,-0.00011873167889362884,0.4932834177471534,0.032,1714697843.6481543,2024-05-03_10-57-23
5,0.11542438992626756,0.11620994328084326,0.11605278931748675,0.020349181889986943,0.11361646265510683,0.020240108977645714,0.1144337751973159,0.02026192356011396,0.11427031268887411,-0.020521208599540118,0.3782184427528455,-0.0001720267095531745,0.4918349054079523,-0.00028109962189440255,0.4926522179501614,-0.00025928503942615694,0.4924887554417196,0.058,1714697843.6488414,2024-05-03_10-57-23
5,0.11542438992626756,0.11474783324066365,0.11488310139479406,0.020349181889986943,0.11361646265510683,0.01998545549692739,0.11299401223962041,0.0200582007755393,0.1131185023227177,-0.020521208599540118,0.3782184427528455,-0.0001720267095531745,0.4918349054079523,-0.0005357531026127269,0.4912124549924659,-0.00046300782400081645,0.4913369450755632,0.082,1714697843.6495488,2024-05-03_10-57-23
5,0.11542438992626756,0.11260413076661302,0.11316813958011794,0.020349181889986943,0.11361646265510683,0.019612090099221484,0.1108830743966116,0.019759508457374578,0.11142975204831068,-0.020521208599540118,0.3782184427528455,-0.0001720267095531745,0.4918349054079523,-0.0009091185003186331,0.4891015171494571,-0.0007617001421655414,0.4896481948011562,0.108,1714697843.650219,2024-05-03_10-57-23
5,0.11542438992626756,0.11012744006585884,0.11118678721596184,0.020349181889986943,0.11361646265510683,0.019180728648798592,0.10844423776282669,0.019414419297036262,0.10947868274128275,-0.020521208599540118,0.3782184427528455,-0.0001720267095531745,0.4918349054079523,-0.0013404799507415275,0.4866626805156722,-0.001106789302503857,0.48769712549412825,0.132,1714697843.650667,2024-05-03_10-57-23
5,0.11542438992626756,0.10693116208535558,0.10862976509567486,0.020349181889986943,0.11361646265510683,0.018624037776900547,0.10529681211608055,0.018969066599517827,0.10696074222388585,-0.020521208599540118,0.3782184427528455,-0.0001720267095531745,0.4918349054079523,-0.0018971708226395712,0.48351525486892605,-0.001552142000022292,0.48517918497673135,0.158,1714697843.6512222,2024-05-03_10-57-23
5,0.11542438992626756,0.10353506855871268,0.10591289056896104,0.020349181889986943,0.11361646265510683,0.018032545335402547,0.10195262493032725,0.018495872646319425,0.10428539247528318,-0.020521208599540118,0.3782184427528455,-0.0001720267095531745,0.4918349054079523,-0.002488663264137573,0.48017106768317275,-0.002025335953220693,0.4825038352281287,0.182,1714697843.666686,2024-05-03_10-57-23
5,0.11542438992626756,0.0994090462420542,0.10261207309454408,0.020349181889986943,0.11361646265510683,0.017313922307323572,0.0978896652823516,0.017920974223856245,0.10103502475690268,-0.020521208599540118,0.3782184427528455,-0.0001720267095531745,0.4918349054079523,-0.0032072862922165467,0.4761081080351971,-0.0026002343756838723,0.4792534675097482,0.208,1714697843.691546,2024-05-03_10-57-23
5,0.11542438992626756,0.0952240598592002,0.09926408439832803,0.020349181889986943,0.11361646265510683,0.016585029597564447,0.09376864278273656,0.017337860056048947,0.09773820675721062,-0.020521208599540118,0.3782184427528455,-0.0001720267095531745,0.4918349054079523,-0.003936179001975671,0.47198708553558205,-0.0031833485434911717,0.4759566495100561,0.232,1714697843.716524,2024-05-03_10-57-23
5,0.11542438992626756,0.09032685393011572,0.09534632017148141,0.020349181889986943,0.11361646265510683,0.01573209069326518,0.0889462863942691,0.01665550893260953,0.09388032164643667,-0.020521208599540118,0.3782184427528455,-0.0001720267095531745,0.4918349054079523,-0.00478911790627494,0.4671647291471146,-0.0038656996669305874,0.47209876439928217,0.258,1714697843.741501,2024-05-03_10-57-23
5,0.11542438992626756,0.0855138013707764,0.09149587867464858,0.020349181889986943,0.11361646265510683,0.014893808653313235,0.08420679716435658,0.015984883300647977,0.09008873026250663,-0.020521208599540118,0.3782184427528455,-0.0001720267095531745,0.4918349054079523,-0.005627399946226884,0.4624252399172021,-0.004536325298892142,0.46830717301535213,0.282,1714697843.7665417,2024-05-03_10-57-23
5,0.11542438992626756,0.08003360870673588,0.08711172522964547,0.020349181889986943,0.11361646265510683,0.013939331836552243,0.07881036448699746,0.015221301847239185,0.08577158412061936,-0.020521208599540118,0.3782184427528455,-0.0001720267095531745,0.4918349054079523,-0.006581876762987874,0.45702880723984296,-0.005299906752300934,0.46399002687346486,0.308,1714697843.791447,2024-05-03_10-57-23
5,0.11542438992626756,0.07477745288157563,0.08290680129587909,0.020349181889986943,0.11361646265510683,0.01302387517508885,0.07363454443995676,0.01448893651806847,0.08163092808298678,-0.020521208599540118,0.3782184427528455,-0.0001720267095531745,0.4918349054079523,-0.007497333424451268,0.45185298719280226,-0.006032272081471649,0.45984937083583227,0.332,1714697843.8164954,2024-05-03_10-57-23
5,0.11542438992626756,0.06892487421333068,0.07822473926195077,0.020349181889986943,0.11361646265510683,0.012004540454657498,0.06787141735514257,0.013673468741723387,0.07702042641513546,-0.020521208599540118,0.3782184427528455,-0.0001720267095531745,0.4918349054079523,-0.00851666814488262,0.44608986010798807,-0.006847739857816731,0.45523886916798095,0.358,1714697843.84149,2024-05-03_10-57-23
5,0.11542438992626756,0.06342760624302425,0.07382692583574053,0.020349181889986943,0.11361646265510683,0.011047089657788682,0.062458170352748144,0.012907508104228334,0.07268982881321989,-0.020521208599540118,0.3782184427528455,-0.0001720267095531745,0.4918349054079523,-0.009474118941751436,0.44067661310559364,-0.007613700495311784,0.4509082715660654,0.382,1714697843.8664658,2024-05-03_10-57-23
5,0.1152966086190156,0.057427552886631685,0.06900130895859863,0.020385063757131526,0.11348020591567565,0.01000206949534365,0.056549822602349475,0.012078668347701224,0.0679358992650147,-0.020521208599540118,0.3782184427528455,-0.00013614484240859204,0.49169864866852114,-0.010519139104196468,0.43476826535519497,-0.008442540251838894,0.4461543420178602,0.408,1714697843.8914719,2024-05-03_10-57-23
5,0.11427394514885518,0.05190042969637459,0.06440041273691857,0.020672478210858915,0.1123885367130702,0.009039418860248484,0.05110717669111947,0.011358838385168926,0.063390771814398,-0.020521208599540118,0.3782184427528455,0.00015126961131879495,0.4906069794659157,-0.011481789739291634,0.42932561944396497,-0.009162370214371192,0.4416092145672435,0.432,1714697843.9165065,2024-05-03_10-57-23
5,0.11286668368504271,0.045983480337451775,0.059358991217143574,0.021068714154738134,0.11088281007408418,0.008008872794578474,0.04528066276574444,0.010620841066610405,0.05840109222741241,-0.020521208599540118,0.3782184427528455,0.0005475055551980162,0.4891012528269297,-0.012512335804961644,0.42349910551858994,-0.009900367532929713,0.4366195349802579,0.458,1714697843.941436,2024-05-03_10-57-23
5,0.11145832893140342,0.04063890617179918,0.05480046785355672,0.02146615111170774,0.1093716756963623,0.007078016445302971,0.04001777577577642,0.009955643378583925,0.0538885557598936,-0.020521208599540118,0.3782184427528455,0.0009449425121676204,0.4875901184492078,-0.013443192154237147,0.4182362185286219,-0.010565565220956193,0.4321069985127391,0.482,1714697843.9667046,2024-05-03_10-57-23
5,0.10940828938463829,0.03503244585594612,0.04990285495736779,0.02204637499612048,0.10716403844388839,0.006101547783774789,0.03449700533803057,0.009290513226243925,0.04903041195920216,-0.020521208599540118,0.3782184427528455,0.001525166396580362,0.4853824811967339,-0.01441966081576533,0.41271544809087607,-0.011230695373296193,0.42724885471204765,0.508,1714697843.9914255,2024-05-03_10-57-23
5,0.10684414578754198,0.03007580970281233,0.045446449369487094,0.02277518969935771,0.10438851576312308,0.005238258007791357,0.029616127064887976,0.008738337628448967,0.04459844409600616,-0.020521208599540118,0.3782184427528455,0.0022539810998175916,0.4826069585159686,-0.015282950591748761,0.40783456981773347,-0.011782870971091151,0.42281688684885166,0.532,1714697844.016433,2024-05-03_10-57-24
5,0.10478750819255502,0.02499529155582815,0.040941799314702106,0.023211371962082856,0.1021844121421786,0.004353391893457594,0.0246132602266102,0.008124987907182647,0.04012749060972387,-0.020521208599540118,0.3782184427528455,0.002690163362542737,0.4804028548950241,-0.016167816706082524,0.4028317029794557,-0.012396220692357471,0.41834593336256937,0.558,1714697844.0415213,2024-05-03_10-57-24
5,0.10323755811203394,0.020617074162864506,0.037128236683369856,0.023352699467794055,0.10056164692616404,0.0035908444327187837,0.020301960085101822,0.007543215439733839,0.0363538974533143,-0.020521208599540118,0.3782184427528455,0.002831490868253938,0.47878008967900954,-0.016930364166821334,0.3985204028379473,-0.01297799315980628,0.4145723402061598,0.582,1714697844.0665696,2024-05-03_10-57-24
5,0.10141328114352885,0.016257739647950364,0.03327689166029473,0.023119475292327104,0.09874281469810298,0.002831585774114659,0.01600925421324706,0.0068891636777571475,0.03255596631021823,-0.020521208599540118,0.3782184427528455,0.002598266692786986,0.4769612574509485,-0.01768962282542546,0.39422769696609256,-0.01363204492178297,0.41077440906306373,0.608,1714697844.0913827,2024-05-03_10-57-24
5,0.09892628259790258,0.01262619345423588,0.02990108030017071,0.022921516583205594,0.09623415955972137,0.0021990848998951276,0.012433213050006109,0.006366108036909519,0.02921553134173077,-0.020521208599540118,0.3782184427528455,0.0024003079836654767,0.47445260231256686,-0.01832212369964499,0.3906516558028516,-0.014155100562630599,0.40743397409457627,0.632,1714697844.1167207,2024-05-03_10-57-24
5,0.09642680264715997,0.009155569352056981,0.02660036743791714,0.022426940649553903,0.09378251757047112,0.0015946115814736324,0.009015634423852559,0.0057610773950896865,0.025969011053176227,-0.020521208599540118,0.3782184427528455,0.0019057320500137863,0.4720009603233166,-0.018926597018066486,0.38723407717669805,-0.014760131204450432,0.4041874538060217,0.658,1714697844.1415513,2024-05-03_10-57-24
5,0.09391497622289849,0.006410252641221515,0.023904930885213366,0.021487559942242614,0.09142377987523881,0.0011164639476590535,0.006312277495315377,0.005190683146575765,0.023334577971300063,-0.020521208599540118,0.3782184427528455,0.0009663513427024945,0.4696422226280843,-0.019404744651881065,0.3845307202481609,-0.015330525452964353,0.40155302072414556,0.682,1714697844.1665425,2024-05-03_10-57-24
5,0.09100470193428195,0.00396171308967616,0.021366617226274434,0.020514668150299988,0.08866230408031683,0.0006900055400545814,0.003901161744865933,0.00465493806210366,0.02085339021195609,-0.020521208599540118,0.3782184427528455,-6.540449240129663e-06,0.46688074683316233,-0.019831203059485537,0.38211960449771143,-0.015866270537436458,0.3990718329648016,0.708,1714697844.191743,2024-05-03_10-57-24
5,0.08758158105965315,0.00220812684332576,0.019333337480030337,0.019547463983954863,0.08537230225725778,0.000384586092064175,0.002174377541736161,0.004231999278696556,0.018864467133260288,-0.020521208599540118,0.3782184427528455,-0.0009737446155852539,0.4635907450101033,-0.020136622507475943,0.38039282029458166,-0.016289209320843562,0.3970829098861058,0.732,1714697844.216358,2024-05-03_10-57-24
5,0.0840368951361903,0.000875767844223001,0.017507372132810426,0.018178764955576444,0.0820471343120584,0.00015253115272033727,0.0008623824931112689,0.0037577779132915573,0.01709933285690074,-0.020521208599540118,0.3782184427528455,-0.0023424436439636754,0.4602655770649039,-0.02036867744681978,0.37908082524595677,-0.01676343068624856,0.39531777560974624,0.758,1714697844.2416518,2024-05-03_10-57-24
5,0.0798342964638606,0.0001813013983824807,0.016111787841631975,0.017004432541053605,0.07800233436145576,3.157698865916686e-05,0.00017853036392351251,0.003426148099138056,0.015743291163429984,-0.020521208599540118,0.3782184427528455,-0.0035167760584865143,0.45622077711430126,-0.02048963161088095,0.378396973116769,-0.017095060500402062,0.3939617339162755,0.782,1714697844.266557,2024-05-03_10-57-24
5,0.07404771029623775,0.0,0.014809542059247505,0.01555150866842743,0.07239622903336457,0.0,0.0,0.0031103017336854867,0.014479245806672869,-0.020521208599540118,0.3782184427528455,-0.004969699931112687,0.45061467178621006,-0.020521208599540118,0.3782184427528455,-0.01741090686585463,0.39269768855951837,0.808,1714697844.2914274,2024-05-03_10-57-24
5,0.06839245286639518,0.0,0.013678490573278983,0.013933722385347968,0.06695803902124181,0.0,0.0,0.002786744477069593,0.013391607804248307,-0.020521208599540118,0.3782184427528455,-0.00658748621419215,0.4451764817740873,-0.020521208599540118,0.3782184427528455,-0.017734464122470525,0.3916100505570938,0.832,1714697844.3164883,2024-05-03_10-57-24
5,0.06184206274081047,0.0,0.012368412548162074,0.011870305227553094,0.060692145932097874,0.0,0.0,0.00237406104551062,0.012138429186419553,-0.020521208599540118,0.3782184427528455,-0.008650903371987024,0.43891058868494337,-0.020521208599540118,0.3782184427528455,-0.018147147554029498,0.39035687193926505,0.858,1714697844.3414702,2024-05-03_10-57-24
5,0.056115645871290296,0.0,0.011300189641744226,0.009889294262157974,0.055237374761555325,0.0,0.0,0.002013351208963614,0.011119384103840835,-0.020521208599540118,0.3782184427528455,-0.010631914337382144,0.4334558175144008,-0.020521208599540118,0.3782184427528455,-0.018507857390576504,0.38933782685668633,0.882,1714697844.3664217,2024-05-03_10-57-24
5,0.05232888021244449,0.0,0.010465776042488844,0.008809613202144,0.05158199704855343,0.0,0.0,0.0017619226404287994,0.01031639940971063,-0.020521208599540118,0.3782184427528455,-0.011711595397396118,0.4298004398013989,-0.020521208599540118,0.3782184427528455,-0.01875928595911132,0.3885348421625561,0.908,1714697844.3915262,2024-05-03_10-57-24
5,0.05009642422076601,0.0,0.010019284844153147,0.008295621219953033,0.04940480126750857,0.0,0.0,0.001659124243990607,0.009880960253501658,-0.020521208599540118,0.3782184427528455,-0.012225587379587085,0.42762324402035407,-0.020521208599540118,0.3782184427528455,-0.01886208435554951,0.38809940300634715,0.932,1714697844.4165792,2024-05-03_10-57-24
1,0.07392177858021044,0.11817693036146493,0.10898179725178479,0.05070883304496862,0.053787020736225544,0.05908846518073247,0.10234422383429315,0.0574125387535797,0.09263278321467966,0.03856725658119235,0.48056266658713864,-0.012141576463776265,0.4267756458509131,-0.020521208599540118,0.3782184427528455,-0.01884528217238735,0.387929883372459,0.958,1714697844.4416296,2024-05-03_10-57-24
1,0.07433418817756349,0.10877856671534893,0.10165518628269918,0.05051749889411758,0.05453030201181952,0.05730547517651206,0.09246004051177881,0.05594787992003317,0.08487409281178693,0.03856725658119235,0.48056266658713864,-0.011950242312925225,0.4260323645753191,-0.018738218595319715,0.38810262607535984,-0.017380623338840818,0.3956885737753517,0.982,1714697844.4662938,2024-05-03_10-57-24
1,0.07525867058594017,0.10801661362685595,0.10127247907341166,0.0500923010157592,0.05616608297994108,0.0569040718015939,0.09181239258298701,0.05554171764442696,0.08468313066237781,0.03856725658119235,0.48056266658713864,-0.011525044434566846,0.42439658360719756,-0.01833681522040155,0.38875027400415163,-0.01697446106323461,0.39587953592476083,1.008,1714697844.491718,2024-05-03_10-57-24
1,0.076202488003956,0.10681816450319928,0.10053993635188739,0.04965978511685318,0.05779900449091685,0.056272718598662536,0.09079373001120883,0.054950131902300664,0.08419478490715043,0.03856725658119235,0.48056266658713864,-0.011092528535660829,0.4227636620962218,-0.017705462017470187,0.3897689365759298,-0.016382875321108315,0.3963678816799882,1.032,1714697844.516749,2024-05-03_10-57-24
1,0.07794024287193824,0.10499614741965797,0.09946619448572194,0.049570715649877306,0.06014503810702698,0.05531286448488955,0.0892450446548535,0.054164434717887094,0.08342504334528816,0.03856725658119235,0.48056266658713864,-0.011003459068684955,0.42041762848011166,-0.016745607903697193,0.39131762193228514,-0.015597178136694746,0.3971376232418505,1.058,1714697844.5415328,2024-05-03_10-57-24
1,0.07940109914599722,0.10284685480885354,0.09800720765330591,0.04978564544112214,0.061854054463740316,0.05418059883665927,0.08741818033895693,0.05328803218184642,0.08225447330197139,0.03856725658119235,0.48056266658713864,-0.01121838885992979,0.4187086121233983,-0.015613342255466922,0.3931444862481817,-0.014720775600654065,0.39830819328516726,1.082,1714697844.5663333,2024-05-03_10-57-24
1,0.08097595477305354,0.10003479282498542,0.0961413580660278,0.0499665274801306,0.06372167121933453,0.05269918063933136,0.08502797266477002,0.052152650007491204,0.08076671237568295,0.03856725658119235,0.48056266658713864,-0.011399270898938246,0.4168409953678041,-0.014131924058139005,0.3955346939223686,-0.013585393426298853,0.3997959542114557,1.108,1714697844.591501,2024-05-03_10-57-24
1,0.08271675174850837,0.09701725283672921,0.09409151197825537,0.05025514667300542,0.06569993342994401,0.05110951487968178,0.08246311197589762,0.0509386412383465,0.07911047626670692,0.03856725658119235,0.48056266658713864,-0.01168789009181307,0.41486273315719463,-0.012542258298489425,0.398099554611241,-0.012371384657154153,0.4014521903204317,1.132,1714697844.616413,2024-05-03_10-57-24
1,0.08481167088658019,0.09332321191755184,0.09156638846494156,0.05089865655042389,0.06784059463135317,0.049163462669333344,0.07932323632435428,0.049510501445551455,0.07702670798575406,0.03856725658119235,0.48056266658713864,-0.012331399969231533,0.4127220719557855,-0.010596206088140995,0.40123943026278436,-0.010943244864359103,0.4035359586013846,1.158,1714697844.6414943,2024-05-03_10-57-24
1,0.08641515256311573,0.08955338692133666,0.08887869898066801,0.051402288019191514,0.06946497951413105,0.04717748676191296,0.076118945420389,0.04802244701336867,0.07478815223913743,0.03856725658119235,0.48056266658713864,-0.012835031437999158,0.4110976870730076,-0.008610230180720609,0.40444372116674965,-0.00945519043217632,0.4057745143480012,1.182,1714697844.6663973,2024-05-03_10-57-24
1,0.08783008263568776,0.08511932698773202,0.08561840327586735,0.051985466046594965,0.07079290031994778,0.04484158623362906,0.07235006545191547,0.04627036219622225,0.07203863242552194,0.03856725658119235,0.48056266658713864,-0.013418209465402613,0.40976976626719086,-0.006274329652436714,0.4082126011352232,-0.007703105615029895,0.4085240341616167,1.208,1714697844.6914468,2024-05-03_10-57-24
1,0.08895362227083092,0.08074208924402014,0.08234573436637484,0.05235647459944121,0.071913465238575,0.042535620118811915,0.06862948343530961,0.04449979101493778,0.06928627979596269,0.03856725658119235,0.48056266658713864,-0.01378921801824886,0.40864920134856364,-0.003968363537619564,0.41193318315182903,-0.005932534433745423,0.41127638679117595,1.232,1714697844.7163887,2024-05-03_10-57-24
1,0.08968785375539705,0.0757384087325872,0.07849317757161994,0.0525552304228178,0.0726763982765658,0.03989963861990639,0.06437643509348212,0.042430756980488676,0.06603642773009888,0.03856725658119235,0.48056266658713864,-0.013987973841625447,0.40788626831057284,-0.0013323820387140424,0.4161862314936565,-0.003863500399296324,0.41452623885703976,1.258,1714697844.742186,2024-05-03_10-57-24
1,0.08988762367844291,0.07092197303308628,0.07468301455386275,0.052477120434619606,0.07297901562399839,0.03736229928228421,0.06028254184460741,0.04038526351275129,0.06282183660048563,0.03856725658119235,0.48056266658713864,-0.013909863853427252,0.40758365096314025,0.0012049572989081409,0.42028012474253124,-0.0018180069315589377,0.417740829986653,1.282,1714697844.7665884,2024-05-03_10-57-24
1,0.08988762367844291,0.065540960579783,0.07037882594092851,0.052477120434619606,0.07297901562399839,0.034527536103484545,0.05570876739206532,0.03811745296971156,0.05916281703845194,0.03856725658119235,0.48056266658713864,-0.013909863853427252,0.40758365096314025,0.0040397204777078075,0.4248538991950733,0.0004498036114807956,0.4213998495486867,1.308,1714697844.791372,2024-05-03_10-57-24
1,0.08978764698973195,0.060470419847336664,0.06630187024392604,0.05251618156394512,0.07282768859366245,0.03185633207084585,0.05139888893259431,0.0359883019694657,0.05568464886480795,0.03856725658119235,0.48056266658713864,-0.013948924982752766,0.4077349779934762,0.006710924510346501,0.42916377765454433,0.0025789546117266477,0.4248780177223307,1.332,1714697844.8162894,2024-05-03_10-57-24
1,0.08958824439922546,0.05491886474303698,0.061819215306019255,0.052594267007808976,0.07252514469097354,0.02893172557135981,0.04668015595654662,0.03366423385864964,0.05184915370343196,0.03856725658119235,0.48056266658713864,-0.014027010426616622,0.4080375218961651,0.009635531009832544,0.433882510630592,0.004903022722542711,0.4287135128837067,1.358,1714697844.8414435,2024-05-03_10-57-24
1,0.08875070994839585,0.049789077014401065,0.057540335530015974,0.052761942178142854,0.07136431863287562,0.026229309716650436,0.04231991849866901,0.03153583620894892,0.04812879852551033,0.03856725658119235,0.48056266658713864,-0.014194685596950501,0.409198347954263,0.012337946864541916,0.43824274808846964,0.007031420372243434,0.4324338680616283,1.382,1714697844.8663735,2024-05-03_10-57-24
1,0.08574622395744548,0.0442803224084152,0.05252266194636227,0.05180088888882236,0.06833068734681569,0.023327250884115035,0.037637565261089245,0.0290219784850565,0.043776189678234545,0.03856725658119235,0.48056266658713864,-0.013233632307630007,0.41223197924032295,0.015240005697077317,0.4429251013260494,0.009545278096135852,0.4367864769089041,1.408,1714697844.8913765,2024-05-03_10-57-24
1,0.08181239047524436,0.03928842254918316,0.04772620082199643,0.05057735385726672,0.06430550918910977,0.0206974755330992,0.03339453028506201,0.026673451197932702,0.03957672606587154,0.03856725658119235,0.48056266658713864,-0.012010097276074366,0.4162571573980289,0.017869781048093152,0.44716813630207664,0.01189380538325965,0.4409859405212671,1.432,1714697844.9163802,2024-05-03_10-57-24
1,0.07704275072732895,0.03403416679167398,0.042546121235558614,0.04903732700953903,0.0594215953958902,0.017929488860955436,0.028928496994976405,0.024151056490672153,0.035027116675159176,0.03856725658119235,0.48056266658713864,-0.010470070428346679,0.42114107119124844,0.020637767720236917,0.45163416959216224,0.014416200090520198,0.44553554991197947,1.458,1714697844.941396,2024-05-03_10-57-24
1,0.07096044557989876,0.02937199071394636,0.037655739989960024,0.047214666140806924,0.052973202075293824,0.015473414805577661,0.024965721955406805,0.021849246884605152,0.03066863486963589,0.03856725658119235,0.48056266658713864,-0.008647409559614568,0.4275894645118448,0.02309384177561469,0.45559694463173184,0.0167180096965872,0.44989403171750275,1.482,1714697844.9663444,2024-05-03_10-57-24
1,0.0648323312647132,0.024574151907054413,0.03244066904750364,0.04525507759332046,0.04642422998004442,0.012945872469331213,0.020887635767573076,0.01940771349412906,0.025994954610067345,0.03856725658119235,0.48056266658713864,-0.006687821012128108,0.4341384366070942,0.02562138411186114,0.45967503081956557,0.01915954308706329,0.4545677119770713,1.508,1714697844.9914792,2024-05-03_10-57-24
1,0.05802479512457168,0.020420864422919797,0.027784418055925453,0.04277129247639292,0.03921088355479091,0.010757885258157466,0.017357407886881893,0.017188908345865072,0.021829230783146858,0.03856725658119235,0.48056266658713864,-0.00420403589520057,0.44135178303234773,0.027809371323034886,0.46320525870025675,0.02137834823532728,0.4587334358039918,1.532,1714697845.0163236,2024-05-03_10-57-25
1,0.05164464758201512,0.01626382082133491,0.023029381358755513,0.039925647907922815,0.03275839225302607,0.008567919292328221,0.013823987366481383,0.01483946501544714,0.01761086834379033,0.03856725658119235,0.48056266658713864,-0.00135839132673046,0.4478042743341126,0.02999933728886413,0.46673867922065726,0.023727791565745213,0.4629517982433483,1.558,1714697845.0414808,2024-05-03_10-57-25
1,0.045689621874963025,0.01277903043961816,0.01899144676801915,0.0370830469785395,0.026690619585624686,0.00673210204684653,0.010861971322349007,0.012802291033185122,0.014027700975004165,0.03856725658119235,0.48056266658713864,0.0014842096026528489,0.45387204700151396,0.03183515453434582,0.46970069526478964,0.02576496554800723,0.4665349656121345,1.582,1714697845.0663865,2024-05-03_10-57-25
1,0.039563366472281425,0.009422534897652364,0.015003564259139917,0.03406573589923514,0.0201192843874628,0.0049638716153542345,0.008009003838415685,0.010784244472130416,0.010431059948225074,0.03856725658119235,0.48056266658713864,0.004501520681957213,0.46044338219967584,0.03360338496583812,0.47255366274872296,0.027783012109061936,0.47013160663891357,1.608,1714697845.0916085,2024-05-03_10-57-25
1,0.0342537620214806,0.006740160158429902,0.011777308281547246,0.031434226742437565,0.013609173440339795,0.0035507737627703123,0.005729028246300394,0.009157335404194333,0.0074059569708235795,0.03856725658119235,0.48056266658713864,0.00713302983875479,0.46695349314679885,0.03501648281842204,0.47483363834083825,0.02940992117699802,0.47315670961631506,1.632,1714697845.1164446,2024-05-03_10-57-25
6,0.09116864336687383,0.11408770594851465,0.10933236682045822,0.06107927674119466,0.06768340628343689,0.0882565498387965,0.07229651484785954,0.08282109521927612,0.071373893134975,-0.0519615242270663,0.40459999999999996,0.009117752514128366,0.47228340628343685,0.03629502561173019,0.4768965148478595,0.030859570992209828,0.47597389313497496,1.658,1714697845.1415448,2024-05-03_10-57-25
6,0.09703920778868644,0.10912848253777023,0.10647253125043195,0.06376029876577002,0.07315211650769654,0.08266664946747104,0.07124079426016172,0.07884748421690682,0.07155050065190904,-0.0519615242270663,0.40459999999999996,0.011798774538703732,0.4777521165076965,0.030705125240404745,0.4758407942601617,0.02688595998984052,0.476150500651909,1.682,1714697845.166225,2024-05-03_10-57-25
6,0.10190028248301153,0.10836407842009332,0.10688581462007044,0.06638167815540663,0.07731196786649241,0.0820876005722789,0.07074177919816643,0.07894641608890446,0.0720558169318316,-0.0519615242270663,0.40459999999999996,0.014420153928340326,0.4819119678664924,0.03012607634521261,0.4753417791981664,0.026984891861838153,0.47665581693183157,1.708,1714697845.191294,2024-05-03_10-57-25
6,0.10630145797620594,0.10716177415912977,0.10678592008271832,0.06886604344131475,0.08097819477245727,0.08117683499959792,0.06995689601733618,0.0787146766879413,0.07216115576836041,-0.0519615242270663,0.40459999999999996,0.01690451921424846,0.48557819477245723,0.029215310772531623,0.47455689601733614,0.026753152460874993,0.47676115576836037,1.732,1714697845.21821,2024-05-03_10-57-25
6,0.11015381678615992,0.10533389606247252,0.1060852347488484,0.07124664563735997,0.08401058765407693,0.07979218679070034,0.06876362837181987,0.07808307856003227,0.0718130202282713,-0.0519615242270663,0.40459999999999996,0.019285121410293676,0.4886105876540769,0.02783066256363404,0.47336362837181983,0.02612155433296597,0.47641302022827126,1.758,1714697845.2413776,2024-05-03_10-57-25
6,0.11313376186508639,0.10317768966787552,0.10495024328272066,0.07309843398056727,0.08634736257312509,0.07815882440851954,0.06735602283596204,0.07714674632292909,0.07115429078339464,-0.0519615242270663,0.40459999999999996,0.021136909753500972,0.49094736257312505,0.02619730018145324,0.471956022835962,0.02518522209586279,0.4757542907833946,1.782,1714697845.2663145,2024-05-03_10-57-25
6,0.11547656616980577,0.10035658192240662,0.10315592959604722,0.07449341195638445,0.08823587087724544,0.07602178814006479,0.0655143592133497,0.07571611290332872,0.07005866154612883,-0.0519615242270663,0.40459999999999996,0.02253188772931816,0.4928358708772454,0.024060263912998488,0.47011435921334965,0.02375458867626242,0.4746586615461288,1.808,1714697845.2913644,2024-05-03_10-57-25
6,0.11659069911497952,0.09732933519670607,0.10095961075462039,0.07529918062988686,0.08901361983756956,0.0737285981487312,0.06353812481381299,0.07404271464496233,0.06863322381856429,-0.0519615242270663,0.40459999999999996,0.023337656402820567,0.4936136198375695,0.0217670739216649,0.46813812481381295,0.02208119041789603,0.47323322381856425,1.832,1714697845.3163233,2024-05-03_10-57-25
6,0.11689693238470511,0.09362341139098841,0.09805853486972724,0.07552426048367773,0.08922431775781708,0.07092129892605223,0.06111883931430473,0.07184189123757734,0.06673993500300718,-0.0519615242270663,0.40459999999999996,0.023562736256611438,0.49382431775781704,0.018959774698985937,0.4657188393143047,0.01988036701051104,0.47133993500300714,1.858,1714697845.3414435,2024-05-03_10-57-25
6,0.11689693238470511,0.08984145972815344,0.09503514541673551,0.07552426048367773,0.08922431775781708,0.06805640733089705,0.05864992163077831,0.06954997796145318,0.06476480085618608,-0.0519615242270663,0.40459999999999996,0.023562736256611438,0.49382431775781704,0.016094883103830747,0.46324992163077827,0.017588453734386885,0.46936480085618604,1.882,1714697845.367519,2024-05-03_10-57-25
6,0.116959717984697,0.08539313643573479,0.09149491350793744,0.07567028971637538,0.08918286206048598,0.0646867280887699,0.055745986039369366,0.06688344041429099,0.06243336124359267,-0.0519615242270663,0.40459999999999996,0.023708765489309086,0.49378286206048594,0.012725203861703598,0.4603459860393693,0.014921916187224696,0.4670333612435926,1.908,1714697845.3913062,2024-05-03_10-57-25
6,0.116959717984697,0.08100181811722522,0.08798473797990004,0.07567028971637538,0.08918286206048598,0.0613602310671452,0.0528792641938462,0.06422224279699124,0.060139983767174165,-0.0519615242270663,0.40459999999999996,0.023708765489309086,0.49378286206048594,0.009398706840078902,0.45747926419384616,0.01226071856992494,0.4647399837671741,1.932,1714697845.41644,2024-05-03_10-57-25
6,0.116959717984697,0.07598204190758476,0.08397250314345442,0.07567028971637538,0.08918286206048598,0.05755766668910692,0.049602275126768514,0.061180191294560614,0.057518392513511984,-0.0519615242270663,0.40459999999999996,0.023708765489309086,0.49378286206048594,0.005596142462040623,0.4542022751267685,0.009218667067494316,0.46211839251351194,1.958,1714697845.441295,2024-05-03_10-57-25
6,0.116959717984697,0.07115011283370122,0.08011075127072498,0.07567028971637538,0.08918286206048598,0.053897399656032734,0.04644791563209588,0.058251977668101265,0.054994904917773924,-0.0519615242270663,0.40459999999999996,0.023708765489309086,0.49378286206048594,0.0019358754289664354,0.45104791563209584,0.006290453441034965,0.4595949049177739,1.982,1714697845.466203,2024-05-03_10-57-25
6,0.116959717984697,0.06575179089145254,0.07579678666587103,0.07567028971637538,0.08918286206048598,0.04980808055862866,0.042923805941440685,0.054980522390178005,0.05217561716524971,-0.0519615242270663,0.40459999999999996,0.023708765489309086,0.49378286206048594,-0.00215344366843764,0.44752380594144064,0.003018998163111705,0.45677561716524967,2.008,1714697845.491329,2024-05-03_10-57-25
6,0.116959717984697,0.06066493938672734,0.07173224447504033,0.07567028971637538,0.08918286206048598,0.04595470552348463,0.039603029064013695,0.05189782236206278,0.04951899566330814,-0.0519615242270663,0.40459999999999996,0.023708765489309086,0.49378286206048594,-0.006006818703581673,0.44420302906401365,-6.370186500352128e-05,0.4541189956633081,2.032,1714697845.5164182,2024-05-03_10-57-25
6,0.11667259864877143,0.05509552619669717,0.06721969666006068,0.07526195956800565,0.0891523006850703,0.04173578194631142,0.0359672283088493,0.048441017470650265,0.046604242784093475,-0.0519615242270663,0.40459999999999996,0.023300435340939347,0.49375230068507026,-0.010225742280754877,0.44056722830884926,-0.0035205067564160327,0.45120424278409343,2.058,1714697845.5414958,2024-05-03_10-57-25
6,0.1152313132812878,0.04994923711171771,0.0628059990446152,0.07371795067528096,0.08856590375967005,0.03783738195070051,0.03260764964175433,0.0450134956956166,0.043799300465337476,-0.0519615242270663,0.40459999999999996,0.021756426448214662,0.49316590375967,-0.014124142276365787,0.4372076496417543,-0.006948028531449697,0.44839930046533744,2.082,1714697845.5663962,2024-05-03_10-57-25
6,0.11220812965667264,0.04442276209943603,0.057757232110178205,0.07051424837131595,0.08728347574241657,0.03365098476082934,0.02899987960612116,0.04102363748292666,0.04065659883338024,-0.0519615242270663,0.40459999999999996,0.018552724144249647,0.49188347574241653,-0.018310539466236956,0.4335998796061211,-0.010937886744139636,0.4452565988333802,2.108,1714697845.591201,2024-05-03_10-57-25
6,0.1074184006434006,0.039414804437665915,0.052832161544521666,0.06557926456810984,0.08507686439621515,0.029857373130334982,0.025730605873461265,0.037077308515644,0.03763655784874842,-0.0519615242270663,0.40459999999999996,0.013617740341043544,0.4896768643962151,-0.022104151096731316,0.4303306058734612,-0.014884215711422295,0.4422365578487484,2.132,1714697845.616347,2024-05-03_10-57-25
6,0.10160829808277731,0.034143646938571845,0.0473296026686925,0.05984780138297276,0.08211264767928733,0.025864383224014003,0.02228951113656802,0.03266106685580575,0.03425413844511188,-0.0519615242270663,0.40459999999999996,0.00788627715590646,0.4867126476792873,-0.026097141003052295,0.426889511136568,-0.019300457371260547,0.43885413844511184,2.158,1714697845.64139,2024-05-03_10-57-25
6,0.095672381626146,0.029466473704457884,0.042347015275185494,0.05386103395386959,0.07907081400516264,0.02232134632611418,0.019236178694459483,0.02862928385166526,0.031203105756600125,-0.0519615242270663,0.40459999999999996,0.0018995097268032918,0.4836708140051626,-0.02964017790095212,0.42383617869445944,-0.023332240375401037,0.4358031057566001,2.182,1714697845.6663952,2024-05-03_10-57-25
6,0.08868991039038523,0.0246532013451424,0.03703794741983488,0.04698885586606255,0.07521933015823101,0.018675212066148784,0.016093998597256742,0.024337940826131537,0.02791906490945162,-0.0519615242270663,0.40459999999999996,-0.004972668361003747,0.47981933015823097,-0.033286312160917514,0.4206939985972567,-0.02762358340093476,0.4325190649094516,2.208,1714697845.6912348,2024-05-03_10-57-25
6,0.08222278115660207,0.020486553683082602,0.03234223379774927,0.04035353764303316,0.07163921929235956,0.015518906821871785,0.013373945299121226,0.020485832986104062,0.025027000097768926,-0.0519615242270663,0.40459999999999996,-0.011607986584033139,0.4762392192923595,-0.03644261740519451,0.4179739452991212,-0.031475691240962236,0.4296270000977689,2.232,1714697845.7163248,2024-05-03_10-57-25
6,0.0763392447275834,0.016316137821,0.027756272763559648,0.03377230227674993,0.06846248523465753,0.012359747103096778,0.01065143206058966,0.01664225813782741,0.022213642695403213,-0.0519615242270663,0.40459999999999996,-0.018189221950316366,0.4730624852346575,-0.03960177712396952,0.4152514320605896,-0.03531926608923889,0.4268136426954032,2.258,1714697845.741277,2024-05-03_10-57-25
6,0.07124590591550369,0.012820137663964386,0.023888612413000967,0.027985004774614484,0.06551960483310021,0.009711468552903814,0.008369188029251018,0.013366175797245944,0.01979927139002091,-0.0519615242270663,0.40459999999999996,-0.023976519452451814,0.47011960483310017,-0.042250055674162484,0.412969188029251,-0.038595348429820354,0.42439927139002087,2.282,1714697845.766267,2024-05-03_10-57-25
6,0.06656894298430734,0.009452845041898294,0.020233742090546698,0.022301016273550585,0.06272231535278966,0.007160688111634526,0.006170966306344339,0.010188753744017738,0.017481236115633403,-0.0519615242270663,0.40459999999999996,-0.029660507953515713,0.4673223153527896,-0.04480083611543177,0.4107709663063443,-0.04177277048304856,0.42208123611563336,2.308,1714697845.7913294,2024-05-03_10-57-25
6,0.06274520799222308,0.0067618417153423255,0.017387256456508828,0.017340752142751485,0.060301404967968986,0.005122208115037795,0.004414236900029789,0.007611150524628171,0.01563288440358529,-0.0519615242270663,0.40459999999999996,-0.03462077208431481,0.46490140496796895,-0.0468393161120285,0.40901423690002975,-0.04435037370243813,0.42023288440358525,2.332,1714697845.816238,2024-05-03_10-57-25
6,0.05992654289038408,0.0043270755003592945,0.014926971838774004,0.013794362042839813,0.058317288333941786,0.003277832013138089,0.002824783120782326,0.005381138019078427,0.013923284163414207,-0.0519615242270663,0.40459999999999996,-0.038167162184226486,0.46291728833394175,-0.04868369221392821,0.4074247831207823,-0.04658038620798787,0.41852328416341417,2.358,1714697845.8413591,2024-05-03_10-57-25
6,0.05745489211440601,0.0025444827529904354,0.013150103705511172,0.010959766965613224,0.05639989482204277,0.0019274882132140278,0.001661078465391319,0.0037339439636938643,0.01260884173672161,-0.0519615242270663,0.40459999999999996,-0.041001757261453074,0.46099989482204273,-0.05003403601385227,0.4062610784653913,-0.048227580263372434,0.41720884173672157,2.382,1714697845.8664281,2024-05-03_10-57-25
6,0.05468936793858985,0.001135809645299615,0.011641758458455427,0.008118962608147574,0.05408335614299431,0.0008603947899418415,0.0007414744471636037,0.0023121083535829826,0.011409850786329778,-0.0519615242270663,0.40459999999999996,-0.043842561618918724,0.45868335614299427,-0.05110112943712446,0.40534147444716356,-0.049649415873483316,0.41600985078632974,2.408,1714697845.8914585,2024-05-03_10-57-25
6,0.051643965195249115,0.00033013151670969483,0.010549020961934972,0.006119878012133068,0.05128007638649451,0.00025008014164001197,0.00021551505998967935,0.0014452433385164568,0.010449550944792663,-0.0519615242270663,0.40459999999999996,-0.04584164621493323,0.45588007638649447,-0.051711444085426286,0.40481551505998964,-0.05051628088854984,0.4150495509447926,2.432,1714697845.9164414,2024-05-03_10-57-25
2,0.10693673437351171,0.11817535373753581,0.11437412769772447,0.10663810952685418,0.007986160216878424,0.11104871220897994,0.04041778999053347,0.1101665916725548,0.030736999949051047,0.05908846518073248,0.4450188906600158,-0.0475496443461217,0.45300505087689424,-0.05196024702824746,0.40460110066948235,-0.051078126491822314,0.4142818907109648,2.458,1714697845.9412456,2024-05-03_10-57-25
2,0.10837480489198482,0.11416084148009409,0.11212950397260996,0.10826734381880262,0.004824997181031354,0.10996115171755755,0.03067968123027781,0.10962239013780656,0.023578745548015978,0.05908846518073248,0.4450188906600158,-0.049178878638070155,0.4498438878410472,-0.050872686536825064,0.414339209429738,-0.05053392495707408,0.42144014511199984,2.482,1714697845.9665003,2024-05-03_10-57-25
2,0.10985369356953727,0.1133611875742071,0.11196373943652138,0.10984930296639075,0.0009821551139654328,0.10919091506436934,0.030464781562326126,0.10932259264477362,0.024175394227067826,0.05908846518073248,0.4450188906600158,-0.05076083778565828,0.44600104577398125,-0.050102449883636865,0.4145541090976897,-0.05023412746404115,0.420843496432948,2.508,1714697845.9915502,2024-05-03_10-57-25
2,0.1110276627191984,0.11210344016532882,0.11134934797601322,0.11099108191332487,0.0028498464165085946,0.10797943701412963,0.030126773458388656,0.10858176599396868,0.02467138805001262,0.05908846518073248,0.4450188906600158,-0.05190261673259239,0.4421690442435072,-0.04889097183339715,0.41489211720162716,-0.0494933008132362,0.4203475026100032,2.532,1714697846.0166903,2024-05-03_10-57-26
2,0.11255383115616042,0.1101912711624729,0.11026123523563813,0.11235136347537006,0.006748039208151646,0.1061376118917271,0.029612895541009543,0.1073803622084557,0.025039924274437964,0.05908846518073248,0.4450188906600158,-0.05326289829463758,0.4382708514518642,-0.047049146710994624,0.4154059951190063,-0.04829189702772322,0.41997896638557786,2.558,1714697846.0413578,2024-05-03_10-57-26
2,0.11424116476047018,0.10793563330618039,0.10885562195421018,0.11383151292949342,0.00966593968590046,0.10396495326973458,0.02900671351304973,0.1059249595549473,0.02508882967220083,0.05908846518073248,0.4450188906600158,-0.054743047748760945,0.43535295097411536,-0.0448764880890021,0.4160121771469661,-0.04683649437421482,0.419930060987815,2.582,1714697846.066249,2024-05-03_10-57-26
2,0.11497634504955262,0.10498443278877857,0.10671667857700604,0.11439883552373561,0.011509402754577236,0.10112231998466423,0.028213605386422036,0.10377762309247851,0.024872764860053076,0.05908846518073248,0.4450188906600158,-0.05531037034300313,0.4335094879054386,-0.04203385480393176,0.4168052852735938,-0.04468915791174603,0.42014612579996274,2.608,1714697846.0912585,2024-05-03_10-57-26
2,0.11530196702109845,0.10181758738291286,0.10428213480312025,0.11458970116956653,0.012796248856751569,0.09807197484332109,0.027362544669823574,0.10137552010857018,0.02444928550720915,0.05908846518073248,0.4450188906600158,-0.05550123598883405,0.43222264180326425,-0.03898350966258861,0.41765634599019225,-0.0422870549278377,0.42056960515280667,2.632,1714697846.116484,2024-05-03_10-57-26
2,0.11522220070955408,0.09794076833179656,0.10118144314576603,0.11444257533771329,0.013381049526273392,0.09433777419856104,0.026320685034473434,0.09835873442639151,0.02373275793283347,0.05908846518073248,0.4450188906600158,-0.05535411015698081,0.43163784113374243,-0.03524930901782857,0.4186982056255424,-0.039270269245659024,0.42128613272718235,2.658,1714697846.1415217,2024-05-03_10-57-26
2,0.11520271292344961,0.0939844154693177,0.09801807289245507,0.11440575134344139,0.013527347281170998,0.09052696559099582,0.025257451415294896,0.09530272274148494,0.022911430588470116,0.05908846518073248,0.4450188906600158,-0.05531728616270891,0.4314915433788448,-0.03143850041026335,0.4197614392447209,-0.036214257560752465,0.4221074600715457,2.682,1714697846.1661367,2024-05-03_10-57-26
2,0.11520271292344961,0.08933096186647617,0.09429783905308448,0.11440575134344139,0.013527347281170998,0.08604470082316039,0.02400687835272719,0.0917169109272166,0.021910972138415974,0.05908846518073248,0.4450188906600158,-0.05531728616270891,0.4314915433788448,-0.026956235642427915,0.42101201230728863,-0.03262844574648412,0.42310791852159985,2.708,1714697846.191187,2024-05-03_10-57-26
2,0.11520271292344961,0.08473714196914098,0.0906254835014535,0.11440575134344139,0.013527347281170998,0.08161987598703574,0.0227723313026853,0.08817705105831687,0.020923334498382407,0.05908846518073248,0.4450188906600158,-0.05531728616270891,0.4314915433788448,-0.022531410806303262,0.4222465593573305,-0.029088585877584394,0.4240955561616334,2.732,1714697846.2162192,2024-05-03_10-57-26
2,0.11520271292344961,0.07948588342684457,0.08642784468902925,0.11440575134344139,0.013527347281170998,0.07656179801746978,0.02136110363436511,0.0841305886826641,0.01979435236372623,0.05908846518073248,0.4450188906600158,-0.05531728616270891,0.4314915433788448,-0.0174733328367373,0.4236577870256507,-0.02504212350193162,0.4252245382962896,2.758,1714697846.241374,2024-05-03_10-57-26
2,0.11505351811217807,0.07443113441706377,0.08235931899364766,0.1142503718287075,0.013570724630297681,0.07169300048976761,0.02000268610425099,0.08020447475755559,0.018716293809460327,0.05908846518073248,0.4450188906600158,-0.05516190664797502,0.43144816602971814,-0.01260453530903513,0.42501620455576483,-0.021116009576823108,0.4263025968505555,2.782,1714697846.2661936,2024-05-03_10-57-26
2,0.1149394067991158,0.0687838738561532,0.0778212553138359,0.11414761358749273,0.013468093688903116,0.06625348841823873,0.018485036518046172,0.07583231345208953,0.01748164795221757,0.05908846518073248,0.4450188906600158,-0.05505914840676026,0.4315507969711127,-0.007165023237506257,0.42653385414196965,-0.016743848271357057,0.42753724270779825,2.808,1714697846.291287,2024-05-03_10-57-26
2,0.11418455198109512,0.06346244690363674,0.07341357567088905,0.1134255133538786,0.01314400363407292,0.06112782335749553,0.017054951731732826,0.07158736135677214,0.016272762112200856,0.05908846518073248,0.4450188906600158,-0.05433704817314612,0.4318748870259429,-0.0020393581767630536,0.427963938928283,-0.012498896176039668,0.42874612854781496,2.832,1714697846.3161871,2024-05-03_10-57-26
2,0.11186932449160508,0.0576362053804476,0.06828584485618294,0.1111894160847457,0.012315011690669564,0.05551591458239908,0.015489202650133593,0.0666506148828684,0.014854364458240787,0.05908846518073248,0.4450188906600158,-0.05210095090401322,0.43270387896934626,0.0035725505983333974,0.4295296880098822,-0.0075621497021359264,0.43016452620177503,2.858,1714697846.341252,2024-05-03_10-57-26
2,0.10861467067069276,0.0522525999386901,0.06332477146156673,0.10802056810070826,0.011344758794407828,0.05033035842239313,0.014042407963958226,0.06186840035805616,0.01350287813004819,0.05908846518073248,0.4450188906600158,-0.04893210291997578,0.433674131865608,0.008758106758339344,0.4309764826960576,-0.002779935177323681,0.43151601252996763,2.882,1714697846.3663669,2024-05-03_10-57-26
2,0.10400799287209447,0.04647127664756465,0.057777417987445914,0.10350562315783177,0.010210218214640354,0.044761715450761345,0.012488730246088264,0.056510496992175425,0.012033027839798704,0.05908846518073248,0.4450188906600158,-0.04441715797709928,0.43480867244537547,0.014326749729971132,0.43253016041392756,0.00257796818855705,0.4329858628202171,2.908,1714697846.3912683,2024-05-03_10-57-26
2,0.0986706501737808,0.04123238165453215,0.05252147913746872,0.0982472169116108,0.00913135120557329,0.039715546206628295,0.01108082516846881,0.05142188034762479,0.010690930375889696,0.05908846518073248,0.4450188906600158,-0.03915875173087832,0.43588753945444253,0.019372918974104182,0.433938065491547,0.007666584833107682,0.4343279602841261,2.932,1714697846.4163501,2024-05-03_10-57-26
2,0.09212032525567061,0.03571814960734485,0.046806276761103154,0.09177422865618978,0.00797779918097341,0.034404168864930036,0.009598925777713263,0.045878180823181985,0.009274700458365315,0.05908846518073248,0.4450188906600158,-0.0326857634754573,0.4370410914790424,0.02468429631580244,0.43541996488230256,0.013210284357550492,0.4357441902016505,2.958,1714697846.4412735,2024-05-03_10-57-26
2,0.08570769035779682,0.030825292859613423,0.041616722571301584,0.08542877441618227,0.006908884730332465,0.02969130799079759,0.00828401531122036,0.040838801275874526,0.008008989195042782,0.05908846518073248,0.4450188906600158,-0.026340309235449798,0.43811000592968335,0.029397157189934887,0.43673487534879546,0.018249663904857952,0.43700990146497304,2.982,1714697846.4662955,2024-05-03_10-57-26
2,0.07812064339660263,0.02579006090152079,0.03607801172967648,0.07791934189295577,0.005604559185861391,0.02484130953161961,0.006930842810107307,0.03545691600388684,0.006665586085258135,0.05908846518073248,0.4450188906600158,-0.01883087671222329,0.43941433147415443,0.03424715564911287,0.4380880478499085,0.023631549176845637,0.4383533045747577,3.008,1714697846.4913924,2024-05-03_10-57-26
2,0.07029055481540329,0.021431272139960045,0.031029467454363732,0.07016434053556597,0.004210393504929133,0.020642869627877834,0.00575945822655799,0.030547163809415464,0.0054496452822322405,0.05908846518073248,0.4450188906600158,-0.0110758753548335,0.4408084971550867,0.03844559555285464,0.43925943243345783,0.028541301371317013,0.4395692453777836,3.032,1714697846.5162942,2024-05-03_10-57-26
2,0.06127880650942513,0.017068541411320956,0.025743164841485124,0.06121878239437874,0.0027116064185769284,0.016440632772095877,0.0045870142754372845,0.02539626269655245,0.004211932704065224,0.05908846518073248,0.4450188906600158,-0.002130317213646262,0.4423072842414389,0.0426478324086366,0.44043187638457854,0.03369220248418003,0.4408069579559506,3.058,1714697846.5413115,2024-05-03_10-57-26
2,0.053126446210236496,0.013411326443600767,0.02118920720816305,0.053112162101015443,0.0012318781939016366,0.012917957529733327,0.00360417122745732,0.020956798443989746,0.0031297126207461834,0.05908846518073248,0.4450188906600158,0.0059763030797170364,0.4437870124661142,0.04617050765099915,0.4414147194325585,0.03813166673674273,0.44188917803926964,3.082,1714697846.568059,2024-05-03_10-57-26
2,0.04528833391556711,0.009888754239669211,0.016792670979463256,0.04528187826927066,0.0007646497596018875,0.00952497188307349,0.0026575121898563814,0.01667635316031292,0.0019730797999646943,0.05908846518073248,0.4450188906600158,0.013806586911461817,0.4457835404196177,0.04956349329765899,0.44236137847015944,0.04241211202041956,0.4430458108600511,3.108,1714697846.591733,2024-05-03_10-57-26
2,0.0383485249477186,0.00707365778600933,0.01322460796726536,0.038219552023139196,0.003142484497392517,0.006813435736115182,0.0019009807845948856,0.013190440144822319,0.0009500235121923106,0.05908846518073248,0.4450188906600158,0.02086891315759328,0.44816137515740834,0.052275029444617295,0.44311790987542093,0.04589802503591016,0.4440688671478235,3.132,1714697846.6162572,2024-05-03_10-57-26
7,0.08577847001807361,0.11382333930750624,0.10817897810100097,0.08562749118065191,0.005087108486058978,0.11381683852729461,0.001216486236436165,0.10817896905796609,4.42327080628635e-05,-0.059088465180732484,0.44501889066001576,0.026539025999919426,0.45010599914607474,0.05472837334656213,0.4438024044235796,0.0490905038772336,0.44506312336807863,3.158,1714697846.6412132,2024-05-03_10-57-26
7,0.09063045186036504,0.10797724467115342,0.10446322767975463,0.09035749615045377,0.007028633852654287,0.1079772356449821,4.415022238896116e-05,0.10445328774607643,0.0014410469484420485,-0.059088465180732484,0.44501889066001576,0.03126903096972128,0.45204752451267005,0.048888770464249616,0.4450630408824047,0.04536482256534395,0.4464599376084578,3.182,1714697846.666428,2024-05-03_10-57-26
7,0.0950058646569594,0.10722090454323611,0.10471324541010875,0.09460757800468059,0.008690253351011368,0.10722089558028974,4.384096662912729e-05,0.1046982320651679,0.0017731234435055532,-0.059088465180732484,0.44501889066001576,0.035519112823948096,0.45370914401102713,0.04813243039955725,0.4450627316266449,0.045609766884435424,0.4467920141035213,3.208,1714697846.6913133,2024-05-03_10-57-26
7,0.0981188817892553,0.10603128384718824,0.1043713488229486,0.09763823414619366,0.009700010123031733,0.10603127498368616,4.3354549157992306e-05,0.10435266681618766,0.001974685663932718,-0.059088465180732484,0.44501889066001576,0.038549768965461174,0.4547189007830475,0.04694280980295367,0.44506224520917376,0.04526420163545518,0.4469935763239485,3.232,1714697846.7162282,2024-05-03_10-57-26
7,0.10057810533085773,0.10422268873176094,0.10340399977324687,0.10001686421600936,0.010610473332583192,0.10422268001944524,4.261504263697313e-05,0.10338151685875807,0.002156186700626228,-0.059088465180732484,0.44501889066001576,0.04092839903527687,0.45562936399259896,0.04513421483871276,0.44506150570265274,0.04429305167802558,0.447175077360642,3.258,1714697846.7413986,2024-05-03_10-57-26
7,0.10201736758142096,0.10208922897848048,0.10198154778403289,0.10143007450282987,0.01093084052546478,0.10208922044450766,4.174270399887048e-05,0.10195739125617209,0.002219562268292008,-0.059088465180732484,0.44501889066001576,0.04234160932209738,0.45594973118548054,0.04300075526377517,0.44506063336401464,0.042868926075439615,0.4472384529283078,3.282,1714697846.7661197,2024-05-03_10-57-26
7,0.10241337472713355,0.09929788217155724,0.0998280810596045,0.10182490615866459,0.010963020057421613,0.09929787387092223,4.060136553751814e-05,0.0998032803284707,0.002225085103914337,-0.059088465180732484,0.44501889066001576,0.042736440977932104,0.4559819107174374,0.04020940869018975,0.4450594920255533,0.04071481514773822,0.4472439757639301,3.308,1714697846.7912555,2024-05-03_10-57-26
7,0.10253872996487247,0.09630257102290471,0.09745571921324184,0.10193885917181057,0.011075203544802625,0.09630256297265757,3.937662921704721e-05,0.09742982221248817,0.0022465420123341517,-0.059088465180732484,0.44501889066001576,0.04285039399107809,0.4560940942048184,0.03721409779192508,0.4450582672892328,0.03834135703175569,0.4472654326723499,3.332,1714697846.8165467,2024-05-03_10-57-26
7,0.10253872996487247,0.09263574241687025,0.0945230317740606,0.10193885917181057,0.011075203544802625,0.09263573467314531,3.7877319812418264e-05,0.09449635957287837,0.0022453425648104597,-0.059088465180732484,0.44501889066001576,0.04285039399107809,0.4560940942048184,0.03354726949241284,0.4450567679798282,0.03540789439214589,0.4472642332248262,3.358,1714697846.8412032,2024-05-03_10-57-26
7,0.10267398197455789,0.08889368800049854,0.09155810215328927,0.1020792361828518,0.011035221558147179,0.08889368056958419,3.6347251739510256e-05,0.09153079169223771,0.002236122113021044,-0.059088465180732484,0.44501889066001576,0.04299077100211932,0.45605411221816294,0.029805215388851697,0.4450552379117553,0.03244232651150522,0.4472550127730368,3.382,1714697846.8662522,2024-05-03_10-57-26
7,0.10293458327723508,0.08449229176230162,0.0880892527867593,0.10233353770621281,0.011107452227633596,0.08449228469931439,3.4547589011224566e-05,0.08806053530069408,0.002249128516735699,-0.059088465180732484,0.44501889066001576,0.04324507252548033,0.45612634288764936,0.0254038195185819,0.445053438249027,0.02897207011996159,0.44726801917675146,3.408,1714697846.8912804,2024-05-03_10-57-26
7,0.10306975094161243,0.08014729913086359,0.08464223616391973,0.10247382280783088,0.011067483829457159,0.08014729243108851,3.277098884379992e-05,0.08461259850643699,0.002239713556966505,-0.059088465180732484,0.44501889066001576,0.043385357627098387,0.4560863744894729,0.02105882725035602,0.44505166164885956,0.025524133325704496,0.44725860421698227,3.432,1714697846.9163067,2024-05-03_10-57-26
7,0.10321789337107419,0.07518047844960665,0.0807005176870336,0.10262642118055348,0.011034092062063072,0.07518047216502438,3.074013282122756e-05,0.0806696619681302,0.0022314105186695965,-0.059088465180732484,0.44501889066001576,0.04353795599982099,0.45605298272207884,0.016092006984291897,0.445049630792837,0.021581196787397717,0.44725030117868536,3.458,1714697846.9412534,2024-05-03_10-57-26
7,0.10321789337107419,0.07039952323322853,0.0768772435917695,0.10262642118055348,0.011034092062063072,0.07039951734830194,2.8785274307496778e-05,0.07684489811475226,0.0022298466318586008,-0.059088465180732484,0.44501889066001576,0.04353795599982099,0.45605298272207884,0.01131105216756946,0.44504767593432326,0.017756432934019767,0.44724873729187437,3.482,1714697846.9661314,2024-05-03_10-57-26
7,0.10321789337107419,0.06505815024226716,0.07260599557746522,0.10262642118055348,0.011034092062063072,0.06505814480384343,2.6601269648596215e-05,0.07257180007918544,0.0022280994281315136,-0.059088465180732484,0.44501889066001576,0.04353795599982099,0.45605298272207884,0.00596967962311095,0.44504549192966436,0.01348333489845296,0.4472469900881473,3.508,1714697846.991196,2024-05-03_10-57-26
7,0.1028220953547144,0.060024961868723775,0.06850231000869071,0.10223181380867336,0.011001797058786567,0.060024956851040735,2.454327690493141e-05,0.06846632824256726,0.002219994033281214,-0.059088465180732484,0.44501889066001576,0.04314334862794088,0.45602068771880233,0.000936491670308251,0.4450434339369207,0.009377863061834777,0.447238884693297,3.532,1714697847.016281,2024-05-03_10-57-27
7,0.10134289286804009,0.05451430253662414,0.0637944607040273,0.10071208384486945,0.011289734385141137,0.05451429797959515,2.229005368403758e-05,0.06375385515265002,0.0022757789199754908,-0.059088465180732484,0.44501889066001576,0.04162361866413696,0.4563086250451569,-0.004574167201137333,0.4450411807136998,0.004665389971917526,0.44729466957999126,3.558,1714697847.0414348,2024-05-03_10-57-27
7,0.09826831780505586,0.049422303612466224,0.05915669297442323,0.09761735582571204,0.011292215275657047,0.04942229948109409,2.0208014217371062e-05,0.05911239152757896,0.0022889935693196084,-0.059088465180732484,0.44501889066001576,0.038528890644979566,0.4563111059356728,-0.009666165699638393,0.44503909867423314,2.3926346846475655e-05,0.4473078842293354,3.582,1714697847.0661306,2024-05-03_10-57-27
7,0.09390371644164903,0.043954129486947525,0.05386568807726039,0.09329875804620351,0.010641884635232746,0.04395412581267797,1.7972162539181546e-05,0.05382305225938308,0.0021427546570779166,-0.059088465180732484,0.44501889066001576,0.034210292865471024,0.4556607752952485,-0.015134339368054514,0.44503686282255495,-0.005265412921349407,0.4471616453170937,3.608,1714697847.0911565,2024-05-03_10-57-27
7,0.08726279787243109,0.03899900267520458,0.04871563949530154,0.08676618766381958,0.00929648163616792,0.03899899941515029,1.5946087958684796e-05,0.04867768724455138,0.001922575345161548,-0.059088465180732484,0.44501889066001576,0.0276777224830871,0.4543153722961837,-0.020089465765582196,0.44503483674797445,-0.010410777936181101,0.4469414660051773,3.632,1714697847.1161664,2024-05-03_10-57-27
7,0.07926971934286924,0.03378345262132312,0.04283310901588078,0.07888917637701753,0.007757980101358586,0.033783449797253735,1.3813530349293668e-05,0.042804595113206494,0.0015626468445512076,-0.059088465180732484,0.44501889066001576,0.019800711196285046,0.45277687076137435,-0.02530501538347875,0.44503270419036506,-0.01628387006752599,0.44658153750456697,3.658,1714697847.141202,2024-05-03_10-57-27
7,0.07030262448554846,0.029155620666503287,0.03735814826869724,0.0700850836239725,0.005526306449774365,0.02915561822928952,1.1921281564797326e-05,0.03734151130822611,0.001114798315206722,-0.059088465180732484,0.44501889066001576,0.01099661844324002,0.45054519710979013,-0.029932846951442965,0.44503081194158056,-0.021746953872506372,0.4461336889752225,3.682,1714697847.1661556,2024-05-03_10-57-27
7,0.06000152334216942,0.024393125347915608,0.03150704642638315,0.05993775745109879,0.002765508111387982,0.024393123308814414,9.97397101726305e-06,0.03150205013727129,0.0005610807990913957,-0.059088465180732484,0.44501889066001576,0.0008492922703663042,0.44778439877140375,-0.03469534187191807,0.445028864631033,-0.027586415043461196,0.44557997145910716,3.708,1714697847.1911306,2024-05-03_10-57-27
7,0.0505897755269549,0.020270433236724523,0.02633379159131882,0.050585364774617066,0.0006680258128362038,0.020270431542252658,8.288266088396501e-06,0.02633341818872554,0.00014023577543792465,-0.059088465180732484,0.44501889066001576,-0.008503100406115419,0.44568691647285197,-0.038818033638479826,0.44502717892610416,-0.032755046992006945,0.4451591264354537,3.732,1714697847.216247,2024-05-03_10-57-27
7,0.04161195907708887,0.01614401267768579,0.02123659378517608,0.041604006256865195,0.0008135119003681024,0.016144011328154927,6.6010366549518196e-06,0.021236010313896977,0.00015742155074971453,-0.059088465180732484,0.44501889066001576,-0.017484458923867293,0.44420537875964766,-0.04294445385257756,0.4450254916966707,-0.03785245486683551,0.44486146910926605,3.758,1714697847.2410898,2024-05-03_10-57-27
7,0.032820374329339555,0.012684893155924163,0.01670520950419553,0.03276533829416551,0.0018998888353958798,0.012684892095552423,5.186656276690016e-06,0.016700981335275034,0.00037582844205780175,-0.059088465180732484,0.44501889066001576,-0.026323126886566975,0.4431190018246199,-0.04640357308518006,0.44502407731629245,-0.04238748384545745,0.44464306221795796,3.782,1714697847.2663252,2024-05-03_10-57-27
7,0.02547001068657439,0.009353123384394913,0.012564186106188821,0.025367504495748962,0.002282796537663778,0.009353122602536713,3.824347238279291e-06,0.012555998981179158,0.0004534998297421322,-0.059088465180732484,0.44501889066001576,-0.03372096068498352,0.442736094122352,-0.04973534257819577,0.44502271500725404,-0.04653246619955333,0.44456539083027363,3.808,1714697847.2911036,2024-05-03_10-57-27
3,0.09887580646401276,0.11191429421828997,0.10921523273666858,0.09140436614365333,0.03770499905564073,0.10435948149169282,0.04042162630527124,0.10166464123752328,0.03990323024230452,0.05196152422706632,0.4046,-0.03944284191658701,0.44230499905564075,-0.052397957264626496,0.44502162630527126,-0.04970311701045696,0.44450323024230454,3.832,1714697847.3161113,2024-05-03_10-57-27
3,0.10260318590779698,0.1089728822022845,0.10769889598484629,0.09559858621024937,0.03726022105451693,0.10143904559930964,0.03981468426817114,0.10027095372149758,0.03930379162544029,0.05196152422706632,0.4046,-0.043637061983183054,0.44186022105451694,-0.04947752137224331,0.44441468426817116,-0.04830942949443126,0.4439037916254403,3.858,1714697847.3411374,2024-05-03_10-57-27
3,0.10468634877946077,0.10824798171963233,0.10753393649839774,0.09798502582356293,0.03685330833358946,0.10076426108752425,0.03954983228610587,0.10020841403473199,0.039010527495602576,0.05196152422706632,0.4046,-0.04602350159649661,0.4414533083335895,-0.048802736860457926,0.4441498322861059,-0.04824688980766567,0.4436105274956026,3.882,1714697847.3661659,2024-05-03_10-57-27
3,0.10573386517329339,0.10692569371507034,0.10668392236910335,0.09917842981024558,0.03665091137827786,0.09953338942037684,0.039066716869230855,0.09946239749835059,0.03858355577104022,0.05196152422706632,0.4046,-0.04721690558317925,0.4412509113782779,-0.04757186519331052,0.44366671686923087,-0.04750087327128427,0.44318355577104024,3.908,1714697847.391571,2024-05-03_10-57-27
3,0.10589410753998629,0.10522104577151035,0.10535221647443709,0.09933335461891005,0.03669395960977834,0.09794659225595417,0.038443901189865404,0.09822394472854534,0.038093912873848,0.05196152422706632,0.4046,-0.04737183039184373,0.44129395960977835,-0.045985068028887854,0.4430439011898654,-0.04626242050147903,0.442693912873848,3.932,1714697847.4160373,2024-05-03_10-57-27
3,0.10589410753998629,0.1028679508557369,0.10346975629458134,0.09933335461891005,0.03669395960977834,0.09575617847927201,0.0375841668299845,0.09647161370719962,0.03740612538594329,0.05196152422706632,0.4046,-0.04737183039184373,0.44129395960977835,-0.04379465425220568,0.4421841668299845,-0.0445100894801333,0.4420061253859433,3.958,1714697847.441161,2024-05-03_10-57-27
3,0.10589410753998629,0.10024906411576254,0.10137466512259992,0.09933335461891005,0.03669395960977834,0.09331834838735473,0.03662732191059781,0.09452134963366579,0.03664064945043394,0.05196152422706632,0.4046,-0.04737183039184373,0.44129395960977835,-0.04135682416028841,0.4412273219105978,-0.04255982540659947,0.44124064945043395,3.982,1714697847.4661806,2024-05-03_10-57-27
3,0.10595627174375474,0.09695559040675997,0.0987519032026843,0.09943806292678224,0.03658965923872065,0.09025256887417749,0.03542400771701665,0.09208966768469845,0.03565713802135745,0.05196152422706632,0.4046,-0.04747653869971592,0.44118965923872067,-0.03829104464711117,0.44002400771701666,-0.040128143457632125,0.44025713802135746,4.008,1714697847.4911673,2024-05-03_10-57-27
3,0.10601858271123431,0.09352310721909986,0.09601794618470315,0.09954273689380388,0.03648538627710779,0.08705739029804711,0.03416990457125596,0.08955445961719846,0.03463300091242627,0.05196152422706632,0.4046,-0.047581212666737566,0.4410853862771078,-0.035095866070980794,0.438769904571256,-0.03759293539013215,0.4392330009124263,4.032,1714697847.5162272,2024-05-03_10-57-27
3,0.10608103999744214,0.08941582106450378,0.09274416774304704,0.09964737651170034,0.03638114073629839,0.08323406123575726,0.03266925323360742,0.08651672429094588,0.0334116307341456,0.05196152422706632,0.4046,-0.047685852284634025,0.4409811407362984,-0.03127253700869094,0.43726925323360744,-0.03455520006387956,0.4380116307341456,4.058,1714697847.5410836,2024-05-03_10-57-27
3,0.10608103999744214,0.08530164983310091,0.08945288201148266,0.09964737651170034,0.03638114073629839,0.07940432309621769,0.031166086342055144,0.08345293377931422,0.032209097220903815,0.05196152422706632,0.4046,-0.047685852284634025,0.4409811407362984,-0.027442798869151366,0.43576608634205516,-0.0314914095522479,0.43680909722090383,4.082,1714697847.566167,2024-05-03_10-57-27
3,0.1061436431578232,0.08053839193643991,0.08565436370422251,0.09975198177221214,0.03627692262763704,0.07497037287653138,0.029425767049670204,0.07992669465566754,0.03079599816526357,0.05196152422706632,0.4046,-0.04779045754514583,0.44087692262763706,-0.02300884864946506,0.4340257670496702,-0.027965170428601215,0.4353959981652636,4.108,1714697847.5913181,2024-05-03_10-57-27
3,0.10620639174825514,0.07590063795446332,0.08195627189159424,0.09985655266709491,0.03617273196245396,0.07065324986254322,0.02773130227298304,0.07649391042345355,0.0294195882108772,0.05196152422706632,0.4046,-0.04789502844002859,0.440772731962454,-0.018691725635476896,0.43233130227298305,-0.024532386196387236,0.4340195882108772,4.132,1714697847.6169848,2024-05-03_10-57-27
3,0.10620639174825514,0.07066445764544017,0.07776743158489743,0.09985655266709491,0.03617273196245396,0.06577907270581505,0.02581819452028561,0.07259456869807102,0.027889102008719302,0.05196152422706632,0.4046,-0.04789502844002859,0.440772731962454,-0.013817548478748734,0.4304181945202856,-0.020633044471004704,0.4324891020087193,4.158,1714697847.641225,2024-05-03_10-57-27
3,0.10620639174825514,0.06568134719753482,0.07378105310406968,0.09985655266709491,0.03617273196245396,0.0611404694337354,0.023997549189564815,0.06888368608040729,0.026432585744142645,0.05196152422706632,0.4046,-0.04789502844002859,0.440772731962454,-0.009178945206669079,0.42859754918956483,-0.01692216185334098,0.43103258574414266,4.182,1714697847.666062,2024-05-03_10-57-27
3,0.10604609103832227,0.06017346794894162,0.06934287616655223,0.09970165238435297,0.036129682206432145,0.05601337723462842,0.021985172634607975,0.06475103226457332,0.02481407454897283,0.05196152422706632,0.4046,-0.04774012815728665,0.44072968220643216,-0.004051853007562098,0.426585172634608,-0.01278950803750701,0.42941407454897285,4.208,1714697847.6911523,2024-05-03_10-57-27
3,0.10572560060327944,0.055036499175059955,0.06516944242841116,0.09939195395307668,0.03604361402958434,0.05123155262684459,0.020108313128883504,0.060863632892091006,0.023295373309023704,0.05196152422706632,0.4046,-0.04743042972601036,0.44064361402958435,0.0007299716002217294,0.4247083131288835,-0.008902108665024689,0.4278953733090237,4.232,1714697847.7162929,2024-05-03_10-57-27
3,0.10372901661457823,0.04946858569756584,0.0603180321576478,0.09728535393287396,0.03598984298358204,0.04604857666326404,0.018074002274120426,0.056295932117186025,0.021657170416012728,0.05196152422706632,0.4046,-0.045323829705807644,0.44058984298358206,0.005912947563802277,0.42267400227412044,-0.004334407890119707,0.42625717041601274,4.258,1714697847.7413094,2024-05-03_10-57-27
3,0.09996919764393002,0.04437516942684285,0.05556950281984356,0.09309508590305253,0.03643000766228871,0.041307293557775036,0.016213055251642294,0.051747476556350654,0.02025261251529148,0.05196152422706632,0.4046,-0.04113356167598621,0.4410300076622887,0.010654230669291283,0.4208130552516423,0.00021404767071566723,0.4248526125152915,4.282,1714697847.766142,2024-05-03_10-57-27
3,0.09487930114886482,0.038961193512866095,0.050141504832974824,0.08747383152227739,0.036747933075333805,0.03626761268935491,0.014234987522366904,0.046508856455939405,0.01873757663296033,0.05196152422706632,0.4046,-0.03551230729521107,0.4413479330753338,0.015693911537711408,0.4188349875223669,0.005452667771126912,0.42333757663296034,4.308,1714697847.7912812,2024-05-03_10-57-27
3,0.08837494799013718,0.03410706687616495,0.04494330251624198,0.0802971135064321,0.036912125308556976,0.031749075936962495,0.012461468133577902,0.04145868345085642,0.017351599568573683,0.05196152422706632,0.4046,-0.02833558927936578,0.441512125308557,0.020212448290103824,0.4170614681335779,0.010502840776209905,0.4219515995685737,4.332,1714697847.8162622,2024-05-03_10-57-27
3,0.0817652552734715,0.02905508458388698,0.03955875522568697,0.07314088570246607,0.03655089340351003,0.0270463622731906,0.010615659563313007,0.036265266959045694,0.01580270633135239,0.05196152422706632,0.4046,-0.02117936147539976,0.44115089340351005,0.02491516195387572,0.415215659563313,0.015696257268020625,0.4204027063313524,4.358,1714697847.8413525,2024-05-03_10-57-27
3,0.0756388480248887,0.024626788945630494,0.03476817207190451,0.06661461710652616,0.03582915179407853,0.02292421670726459,0.008997723163723104,0.031662296787116906,0.014364008889794222,0.05196152422706632,0.4046,-0.014653092879459848,0.44042915179407854,0.029037307519801728,0.4135977231637231,0.020299227439949413,0.41896400888979424,4.382,1714697847.866105,2024-05-03_10-57-27
3,0.06922362200194743,0.020130945121359243,0.029860922185092217,0.05978586970892821,0.034893547056949636,0.018739192896927437,0.007355107140682715,0.02694852825932759,0.012862795123936122,0.05196152422706632,0.4046,-0.00782434548186189,0.43949354705694965,0.03322233133013888,0.41195510714068273,0.02501299596773873,0.41746279512393614,4.408,1714697847.8910496,2024-05-03_10-57-27
3,0.06308391880079736,0.016298657399508823,0.025633713631714797,0.05342441390593888,0.033547172907303524,0.015171850259840525,0.005954930118778956,0.022910496516203704,0.011497670369852275,0.05196152422706632,0.4046,-0.001462889678872564,0.43814717290730354,0.036789673967225794,0.41055493011877897,0.029051027710862615,0.4160976703698523,4.432,1714697847.9160864,2024-05-03_10-57-27
3,0.0579727878236878,0.012531724800112784,0.021495007292392503,0.04818149029843078,0.03223954281115887,0.011665344420981008,0.004578631455538773,0.018968573596470965,0.010110813726662726,0.05196152422706632,0.4046,0.003780033928635536,0.4368395428111589,0.04029617980608531,0.4091786314555388,0.032992950630595354,0.41471081372666274,4.458,1714697847.9413445,2024-05-03_10-57-27
3,0.05340937237141681,0.009442717662647383,0.018107068526263512,0.043603892781615416,0.03084252893972944,0.008789895689687605,0.0034500218290445805,0.015752695108073166,0.008928523251181597,0.05196152422706632,0.4046,0.0083576314454509,0.43544252893972946,0.043171628537378715,0.4080500218290446,0.036208829118993154,0.4135285232511816,4.482,1714697847.966191,2024-05-03_10-57-27
3,0.04857269605683,0.006549457395401197,0.014836502260455384,0.03904285324738499,0.028895716162302465,0.006096660875221954,0.002392930911395752,0.012685899349654563,0.007693487961577095,0.05196152422706632,0.4046,0.01291867097968133,0.4334957161623025,0.045864863351844365,0.40699293091139577,0.039275624877411756,0.4122934879615771,4.508,1714697847.9909976,2024-05-03_10-57-27
3,0.044400200378995336,0.004322439654278524,0.012324550585332914,0.035408563986771974,0.02678826963597336,0.00402360793189549,0.0015792605153258088,0.01036579667377803,0.006666693816902214,0.05196152422706632,0.4046,0.016552960240294342,0.4313882696359734,0.04793791629517083,0.4061792605153258,0.04159572755328829,0.41126669381690223,4.532,1714697848.016078,2024-05-03_10-57-28
8,0.07768395396577192,0.11589112926383756,0.10824636812024463,0.05803683029264083,0.051638387206993375,0.08828163716289855,0.07508066583272843,0.08223267578884702,0.0703922101075814,-0.03856725658119237,0.48056266658713864,0.01946957371144846,0.42892427938014527,0.049714380581706186,0.4054820007544102,0.04366541920765465,0.41017045647955724,4.558,1714697848.0411353,2024-05-03_10-57-28
8,0.08186572999337843,0.10804450902069712,0.10280311852475033,0.06064330268349599,0.05499443232716045,0.08207932732851181,0.07026094188681586,0.07779212239950864,0.06720763997488477,-0.03856725658119237,0.48056266658713864,0.02207604610230362,0.4255682342599782,0.043512070747319435,0.4103017247003228,0.039224865818316274,0.4133550266122539,4.582,1714697848.0666041,2024-05-03_10-57-28
8,0.08617943322247809,0.10728769773122264,0.10305735804896629,0.06347981084187057,0.05828557562577463,0.08150439240476859,0.06976879032343686,0.07789947609218897,0.06747214738390439,-0.03856725658119237,0.48056266658713864,0.024912554260678205,0.422277090961364,0.04293713582357621,0.4107938762637018,0.03933221951099661,0.41309051920323425,4.608,1714697848.0912032,2024-05-03_10-57-28
8,0.08997046940785743,0.10609733596178877,0.10283721458710596,0.06635715903195917,0.06075699803872381,0.08060009755259803,0.06899470249736828,0.07772324251224419,0.0673393664762103,-0.03856725658119237,0.48056266658713864,0.027789902450766794,0.41980566854841483,0.04203284097140565,0.41156796408977037,0.03915598593105181,0.41322330011092834,4.632,1714697848.1159594,2024-05-03_10-57-28
8,0.09284100019206808,0.10428761418329091,0.10199036909141238,0.06854298750040418,0.06262036554654582,0.07922528686043778,0.06781784716373918,0.07708882698843106,0.06677835084030054,-0.03856725658119237,0.48056266658713864,0.029975730919211803,0.4179423010405928,0.0406580302792454,0.41274481942339947,0.03852157040723868,0.4137843157468381,4.658,1714697848.1410623,2024-05-03_10-57-28
8,0.0946932583634981,0.1021528253927395,0.10065452076782606,0.0701314422231798,0.06362699105877156,0.07760352903576812,0.06642960196263575,0.07610911167325045,0.0658690797818629,-0.03856725658119237,0.48056266658713864,0.031564185641987416,0.4169356755283671,0.039036272454575735,0.4141330646245029,0.037541855092058075,0.41469358680527574,4.682,1714697848.1661527,2024-05-03_10-57-28
8,0.09553494528813886,0.09935973971826237,0.09859222174626624,0.07143162027081357,0.06343854819188394,0.07548167577908785,0.06461326874923995,0.074671664677433,0.06437832463776871,-0.03856725658119237,0.48056266658713864,0.03286436368962119,0.4171241183952547,0.036914419197895475,0.4159493978378987,0.03610440809624062,0.41618434194936993,4.708,1714697848.1911366,2024-05-03_10-57-28
8,0.0961392262526569,0.09636256264261098,0.09631762447387926,0.07266288222327062,0.06295122216023019,0.07320477822562885,0.06266421565764324,0.07309639902515722,0.06272161695816059,-0.03856725658119237,0.48056266658713864,0.03409562564207825,0.41761144442690845,0.03463752164443648,0.4178984509294954,0.034529142443964836,0.41784104962897806,4.732,1714697848.2166479,2024-05-03_10-57-28
8,0.09716356707211737,0.09269344978824416,0.09358696439256382,0.07432452819665725,0.0625829311755382,0.07041742403513378,0.06027820523126004,0.07119884486743847,0.060739150420115684,-0.03856725658119237,0.48056266658713864,0.03575727161546488,0.41797973541160044,0.031850167453941404,0.4202844613558786,0.0326315882862461,0.41982351616702296,4.758,1714697848.2410493,2024-05-03_10-57-28
8,0.0987066815494393,0.08894906426167379,0.09089759751378128,0.07623368724834209,0.06270114760532208,0.06757288664896603,0.057843245266438525,0.06930504676884125,0.058814825734215204,-0.03856725658119237,0.48056266658713864,0.037666430667149725,0.41786151898181656,0.02900563006777366,0.4227194213207001,0.030737790187648873,0.42174784085292344,4.782,1714697848.2660747,2024-05-03_10-57-28
8,0.10020680230310326,0.08454492617674844,0.0876719736067343,0.07780952416837067,0.06314333833829949,0.06422714798303064,0.054979250669663804,0.06694362322009864,0.05661206820339093,-0.03856725658119237,0.48056266658713864,0.039242267587178296,0.41741932824883915,0.02565989140183826,0.42558341591747484,0.028376366638906268,0.4239505983837477,4.808,1714697848.2911541,2024-05-03_10-57-28
8,0.10166628094327303,0.08019722683516962,0.08448493278477294,0.07906232461936653,0.06391542463770722,0.06092428474066962,0.05215195797752431,0.064551892716409,0.05450465130956095,-0.03856725658119237,0.48056266658713864,0.04049506803817416,0.4166472419494314,0.022357028159477245,0.42841070860961433,0.025984636135216628,0.4260580152775777,4.832,1714697848.3161623,2024-05-03_10-57-28
8,0.1026990439710723,0.07522731207642033,0.08071618977777557,0.07977526467027163,0.06467612217318192,0.05714873645991393,0.04892004091656549,0.061674042101985474,0.05207125716788874,-0.03856725658119237,0.48056266658713864,0.04120800808907925,0.4158865444139567,0.018581479878721562,0.43164262567057315,0.0231067855207931,0.4284914094192499,4.858,1714697848.3414733,2024-05-03_10-57-28
8,0.10308357431298981,0.07044337856731205,0.07696651976648901,0.07999273047808914,0.0650183540533093,0.05351447454349653,0.04580906676970292,0.05881012573041505,0.0496509242264242,-0.03856725658119237,0.48056266658713864,0.04142547389689676,0.41554431253382934,0.014947217962304162,0.4347535998174357,0.020242869149222683,0.43091174236071444,4.882,1714697848.3660607,2024-05-03_10-57-28
8,0.10308357431298981,0.06509867817175724,0.07269086483676422,0.07999273047808914,0.0650183540533093,0.04945420885099814,0.04233342800473261,0.05556191317641634,0.04687041321444796,-0.03856725658119237,0.48056266658713864,0.04142547389689676,0.41554431253382934,0.010886952269805766,0.43822923858240603,0.016994656595223964,0.4336922533726907,4.908,1714697848.3911104,2024-05-03_10-57-28
8,0.10282535146605856,0.06006235437701367,0.06861015407547205,0.07981459138643607,0.06482811046093134,0.04562821090785471,0.03905832539495646,0.05246548700357098,0.04421228240815145,-0.03856725658119237,0.48056266658713864,0.0412473348052437,0.4157345561262073,0.007060954326662337,0.4415043411921822,0.013898230422378612,0.4363503841789872,4.932,1714697848.4161134,2024-05-03_10-57-28
8,0.10112598812075163,0.05454826218351199,0.06386019853420204,0.07830613978948238,0.06398917052649178,0.04143926153715308,0.03547253177455184,0.04881263718761894,0.04117585952493985,-0.03856725658119237,0.48056266658713864,0.039738883208290006,0.41657349606064686,0.002872004955960704,0.4450901348125868,0.010245380606426564,0.4393868070621988,4.958,1714697848.4411747,2024-05-03_10-57-28
8,0.0973455867451335,0.049453091202162264,0.05910528550675058,0.07545070232409107,0.061508981275547936,0.03756855852259427,0.032159161058457175,0.045188683534902276,0.038097475706625916,-0.03856725658119237,0.48056266658713864,0.03688344574289869,0.4190536853115907,-0.0009986980585981048,0.44840350552868147,0.0066214269537099,0.4424651908805127,4.982,1714697848.4660366,2024-05-03_10-57-28
8,0.09198294654941272,0.04398151068137145,0.05357673691343424,0.07157961993744527,0.05776868066282115,0.03341190444881558,0.02860101262051412,0.04104544754654152,0.03443454622897557,-0.03856725658119237,0.48056266658713864,0.033012363356252905,0.4227939859243175,-0.005155352132376792,0.4519616539666245,0.002478190965349147,0.44612812035816307,5.008,1714697848.4911785,2024-05-03_10-57-28
8,0.08521576793754866,0.03902329707682401,0.04825332029592233,0.06685888498355284,0.05283575119123601,0.029645245308975623,0.025376704776560732,0.03708797324389107,0.03086851405949581,-0.03856725658119237,0.48056266658713864,0.02829162840236047,0.42772691539590263,-0.00892201127221675,0.4551859618105779,-0.0014792833373013063,0.44969415252764283,5.032,1714697848.5161767,2024-05-03_10-57-28
8,0.0771874346663195,0.03380449799966035,0.04246606764351344,0.06132183649993095,0.046877845925800354,0.025680624417096745,0.02198293917011679,0.03280886683366359,0.026961920521253457,-0.03856725658119237,0.48056266658713864,0.022754579918738575,0.4336848206613383,-0.012886632164095628,0.45857972741702185,-0.005758389747528787,0.4536007460658852,5.058,1714697848.5410595,2024-05-03_10-57-28
8,0.06760865617965438,0.029173783140139718,0.036996032518519295,0.05447305657968054,0.040045180699875005,0.02216275975035291,0.018971602540535093,0.028755438196131633,0.02327726780057726,-0.03856725658119237,0.48056266658713864,0.015905799998488165,0.44051748588726364,-0.016404496830839464,0.46159106404660355,-0.009811818385060742,0.4572853987865614,5.082,1714697848.5661294,2024-05-03_10-57-28
8,0.057855223006500436,0.02440832102840238,0.03106675909414549,0.04723208737089338,0.033411925292029965,0.01854253019786374,0.015872640274600225,0.024280441632469667,0.019380497278086162,-0.03856725658119237,0.48056266658713864,0.008664830789701004,0.4471507412951087,-0.020024726383328632,0.4646900263125384,-0.014286814948722706,0.4611821693090525,5.108,1714697848.59116,2024-05-03_10-57-28
8,0.04851973901022212,0.020283060689025145,0.025896538530245317,0.03998030292108638,0.027490733929057654,0.015408649570517755,0.013189998837288053,0.02032298024063148,0.016050145855642017,-0.03856725658119237,0.48056266658713864,0.0014130463398940134,0.453071932658081,-0.02315860701067462,0.4673726677498506,-0.018244276340560892,0.4645125207314966,5.132,1714697848.6160374,2024-05-03_10-57-28
8,0.03942813740289755,0.016154069579166243,0.020772024846984066,0.03286597651489481,0.021780854133485017,0.012271934748872323,0.010504931293824071,0.01639074310207682,0.012760115861756294,-0.03856725658119237,0.48056266658713864,-0.0057012800662975625,0.4587818124536536,-0.02629532183232005,0.47005773529331457,-0.022176513479115555,0.46780255072538235,5.158,1714697848.641273,2024-05-03_10-57-28
8,0.030826107907317105,0.012692795201302008,0.016404616745547603,0.026275013780759603,0.016120563871479532,0.009642471435932568,0.008254077454774689,0.013073597622346847,0.009909212671916356,-0.03856725658119237,0.48056266658713864,-0.01229224280043277,0.4644421027156591,-0.028924785145259806,0.47230858913236395,-0.025493658958845526,0.4706534539152223,5.182,1714697848.665973,2024-05-03_10-57-28
8,0.023837641665493025,0.00935894990610854,0.012193251597926086,0.020891060422037592,0.011480276765619524,0.007109813536636783,0.006086090273673683,0.009866062913716944,0.007164927572062829,-0.03856725658119237,0.48056266658713864,-0.01767619615915478,0.4690823898215191,-0.03145744304455559,0.47447657631346496,-0.02870119366747543,0.4733977390150758,5.208,1714697848.691001,2024-05-03_10-57-28
4,0.10388081246027864,0.11188593975818883,0.11023779563509295,0.0432029052108869,0.09447080066743746,0.05400264884213296,0.0979907007506648,0.051842700115883746,0.09728672073401934,0.020521208599540132,0.3782184427528455,-0.022681696611346766,0.47268924342028296,-0.03348144024259283,0.4762091435035103,-0.031321491516343614,0.47550516348686483,5.232,1714697848.7160254,2024-05-03_10-57-28
4,0.10868948603457947,0.10999317601553948,0.10972455402619792,0.04820692867672749,0.09741404622546973,0.051727660246790645,0.09707083977888542,0.051023513932778014,0.0971394810682023,0.020521208599540132,0.3782184427528455,-0.027685720077187358,0.4756324889783152,-0.031206451647250513,0.4752892825317309,-0.030502305333237882,0.4753579238210478,5.258,1714697848.7411997,2024-05-03_10-57-28
4,0.11282534853266847,0.10926148841793974,0.10990241418779599,0.05278940033044607,0.09971378281997939,0.05138356174153353,0.09642511308812446,0.0515960780050507,0.09703806149549044,0.020521208599540132,0.3782184427528455,-0.032268191730905935,0.4779322255728249,-0.0308623531419934,0.47464355584096996,-0.03107486940551057,0.47525650424833593,5.282,1714697848.765979,2024-05-03_10-57-28
4,0.11581668348785927,0.10792682006477053,0.10950346685909128,0.055693961724861366,0.10154647606646255,0.050755893065932,0.09524724567342108,0.05174350679771787,0.09650709175202943,0.020521208599540132,0.3782184427528455,-0.035172753125321234,0.47976491881930805,-0.030234684466391867,0.4734656884262666,-0.031222298198177744,0.4747255345048749,5.308,1714697848.7912962,2024-05-03_10-57-28
4,0.11779230940906525,0.1062062118041533,0.1085202006194438,0.05733132173591625,0.1028987254728348,0.049946724327041725,0.09372877975727184,0.05142364380881663,0.09556276890038445,0.020521208599540132,0.3782184427528455,-0.03681011313637612,0.4811171682256803,-0.029425515727501593,0.47194722251011734,-0.0309024352092765,0.47378121165322995,5.332,1714697848.8160903,2024-05-03_10-57-28
4,0.11909386642285297,0.10383108527706479,0.10688014482127516,0.058039726185736794,0.10399393830329268,0.04882974832464847,0.09163269039139138,0.05067174389686613,0.09410493997377162,0.020521208599540132,0.3782184427528455,-0.03751851758619666,0.4822123810561382,-0.02830853972510833,0.4698511331442369,-0.030150535297326,0.4723233827266171,5.358,1714697848.841099,2024-05-03_10-57-28
4,0.1200308082325844,0.10118767836395731,0.10493095659660576,0.05840287729349401,0.10486419240526546,0.04758660525297353,0.0892998390434459,0.04971887044206673,0.09240421837905316,0.020521208599540132,0.3782184427528455,-0.03788166869395388,0.48308263515811095,-0.027065396653433396,0.4675182817962914,-0.0291976618425266,0.47062266113189866,5.382,1714697848.8661034,2024-05-03_10-57-28
4,0.12044248500878112,0.09786336844339916,0.10237632915335254,0.058506770574781125,0.10527749043361734,0.046023246685153146,0.08636607926521866,0.04851995146307875,0.09014836149889838,0.020521208599540132,0.3782184427528455,-0.03798556197524099,0.48349593318646283,-0.025502038085613014,0.46458452201806416,-0.027998742863538612,0.4683668042517439,5.408,1714697848.890997,2024-05-03_10-57-28
4,0.12071676580988445,0.09439874752303253,0.0996597005427749,0.058575961870053726,0.10555280308261122,0.044393902571775355,0.08330849265450047,0.047230314431431025,0.08775735474012264,0.020521208599540132,0.3782184427528455,-0.038054753270513594,0.4837712458354567,-0.023872693972235223,0.46152693540734596,-0.026709105831890897,0.46597579749296814,5.432,1714697848.9159641,2024-05-03_10-57-28
4,0.12099090977500675,0.09025300557495732,0.0963981434704649,0.05864509643821595,0.10582794012894786,0.04244424043154761,0.07964980520693227,0.045684411632881276,0.08488543219133537,0.020521208599540132,0.3782184427528455,-0.03812388783867582,0.48404638288179336,-0.021923031832007476,0.45786824795977776,-0.025163203033341144,0.46310387494418087,5.458,1714697848.9410799,2024-05-03_10-57-28
4,0.12135253174863743,0.08610031408631942,0.09312036185227877,0.05898954409377488,0.10605032130744652,0.04049131005699736,0.0759849846721769,0.0441840501169899,0.0819705526805734,0.020521208599540132,0.3782184427528455,-0.03846833549423475,0.484268764060292,-0.01997010145745723,0.4542034274250224,-0.023662841517449767,0.4601889954334189,5.482,1714697848.965989,2024-05-03_10-57-28
4,0.12160189253260185,0.0812924586488328,0.08935126499797662,0.05917906158519196,0.10623021668718607,0.03823026876702808,0.07174197086206224,0.04242002733066086,0.07863962002708702,0.020521208599540132,0.3782184427528455,-0.03865785298565183,0.48444865944003157,-0.017709060167487946,0.44996041361490774,-0.021898818731120723,0.4568580627799325,5.508,1714697848.991137,2024-05-03_10-57-28
4,0.12160189253260185,0.0766112821969758,0.08560637422744838,0.05917906158519196,0.10623021668718607,0.03602880215038337,0.06761075340116535,0.04065885403734509,0.07533464605836948,0.020521208599540132,0.3782184427528455,-0.03865785298565183,0.48444865944003157,-0.015507593550843236,0.44582919615401084,-0.020137645437804955,0.453553088811215,5.532,1714697849.0161781,2024-05-03_10-57-29
4,0.12160189253260185,0.07132607645826397,0.08137827210367699,0.05917906158519196,0.10623021668718607,0.0335432722594395,0.06294646986971736,0.03867043012459,0.07160321923321111,0.020521208599540132,0.3782184427528455,-0.03865785298565183,0.48444865944003157,-0.013022063659899368,0.44116491262256285,-0.01814922152504986,0.4498216619860566,5.558,1714697849.0411074,2024-05-03_10-57-29
4,0.12160189253260185,0.0662963100289987,0.07735452475008056,0.05917906158519196,0.10623021668718607,0.031177870528181283,0.05850761585288772,0.03677810873958342,0.06805213601974741,0.020521208599540132,0.3782184427528455,-0.03865785298565183,0.48444865944003157,-0.010656661928641151,0.4367260586057332,-0.016256900140043287,0.4462705787725929,5.582,1714697849.0660188,2024-05-03_10-57-29
4,0.12146502711518462,0.06073686148162287,0.07287958397784897,0.05914454822057198,0.10609276708558868,0.028563369556070584,0.053601308400459624,0.03467960528897086,0.06409960013748545,0.020521208599540132,0.3782184427528455,-0.03862333962103185,0.4843112098384342,-0.008042160956530452,0.4318197511533051,-0.014158396689430731,0.44231804289033094,5.608,1714697849.091055,2024-05-03_10-57-29
4,0.11969391602587803,0.05555179617810048,0.06840050044228851,0.057938145820784756,0.10473683589100552,0.02612493377219854,0.04902540049822601,0.032518551157963094,0.060176177108075324,0.020521208599540132,0.3782184427528455,-0.037416937221244624,0.482955278643851,-0.005603725172658409,0.4272438432510715,-0.011997342558422964,0.4383946198609208,5.632,1714697849.1160212,2024-05-03_10-57-29
4,0.115982157283249,0.04993175131196167,0.06314103338890925,0.0556093654817191,0.10178142894849185,0.02348193552505019,0.04406561576872575,0.029907421516383974,0.05560877840467893,0.020521208599540132,0.3782184427528455,-0.03508815688217897,0.47999987170133734,-0.002960726925510058,0.42228405852157125,-0.009386212916843842,0.4338272211575244,5.658,1714697849.1410415,2024-05-03_10-57-29
4,0.11064987042161188,0.044790646285978376,0.05796248934829595,0.051986884132435116,0.09767680227423636,0.02106417340824797,0.03952850355557225,0.027248715553085397,0.05115816329930506,0.020521208599540132,0.3782184427528455,-0.031465675532894984,0.47589524502708186,-0.0005429648087078368,0.41774694630841774,-0.0067275069535452665,0.42937660605215056,5.682,1714697849.1661136,2024-05-03_10-57-29
4,0.10398735940413818,0.03932598027352477,0.052254501714903624,0.04664141221499783,0.09294057016414337,0.018494246826489383,0.03470584329467513,0.02412367990419107,0.046352788668568734,0.020521208599540132,0.3782184427528455,-0.0261202036154577,0.47115901291698886,0.002026961773050749,0.41292428604752063,-0.003602471304650941,0.42457123142141423,5.708,1714697849.191007,2024-05-03_10-57-29
4,0.0973584120195425,0.03442640530806426,0.04699508927901197,0.04092818459357255,0.08833767088191452,0.016190071619009094,0.030381885448511448,0.021137694213921785,0.04197304253519207,0.020521208599540132,0.3782184427528455,-0.02040697599403242,0.46655611363476,0.004331136980531038,0.40860032820135694,-0.000616485614381654,0.42019148528803757,5.732,1714697849.2161448,2024-05-03_10-57-29
4,0.08942524075542835,0.029327122199534473,0.041296438187135576,0.034000752947951116,0.08270926479626522,0.013791977539945835,0.02588168178546474,0.01783373262154689,0.03724719838762486,0.020521208599540132,0.3782184427528455,-0.01347954434841098,0.4609277075491107,0.006729231059594297,0.40410012453831023,0.002687475977993242,0.41546564114047035,5.758,1714697849.2410736,2024-05-03_10-57-29
4,0.08162989513951982,0.024857365212806005,0.036111641782410664,0.027225880047989395,0.07695577454682329,0.011689937402814592,0.02193704558141535,0.014797125931849554,0.03294079137449696,0.020521208599540132,0.3782184427528455,-0.0067046714484492636,0.4551742172996688,0.00883127119672554,0.40015548833426084,0.005724082667690579,0.41115923412734245,5.782,1714697849.2660944,2024-05-03_10-57-29
4,0.07216624323707152,0.02031942759834992,0.030507620776677034,0.019373930014538278,0.0695170302785148,0.009555833237038382,0.01793223881924666,0.011519452592538362,0.0282491971111003,0.020521208599540132,0.3782184427528455,0.0011472785850018528,0.4477354730313603,0.01096537536250175,0.39615068157209216,0.00900175600700177,0.4064676398639458,5.808,1714697849.2909539,2024-05-03_10-57-29
4,0.0642203145252378,0.016451258844684992,0.02571727343265565,0.012239689080077124,0.06304315037292718,0.0077367083938884584,0.014518514414455841,0.00863730453112619,0.024223441606150087,0.020521208599540132,0.3782184427528455,0.008281519519463008,0.4412615931257727,0.012784500205651673,0.39273695716730134,0.011883904068413942,0.4024418843589956,5.832,1714697849.3160303,2024-05-03_10-57-29
4,0.056834495215824975,0.012649057121921404,0.0210673048932104,0.0052997559519002944,0.056586857425447556,0.00594860656767069,0.01116300703111378,0.00581883644451661,0.020247777109980547,0.020521208599540132,0.3782184427528455,0.015221452647639837,0.43480530017829305,0.014572602031869442,0.3893814497839593,0.014702372155023522,0.39846621986282604,5.858,1714697849.3409765,2024-05-03_10-57-29
4,0.05009385126947363,0.00953112815722923,0.017099231331042575,0.0006651313270401478,0.050089435366411694,0.00448230496604736,0.008411381940018836,0.003452817707429858,0.01674699262529744,0.020521208599540132,0.3782184427528455,0.02118633992658028,0.4283078781192572,0.016038903633492772,0.38662982469286433,0.017068390892110274,0.39496543537814294,5.882,1714697849.3662243,2024-05-03_10-57-29
4,0.04351242077721093,0.006610778806064632,0.013371493933042492,0.005513667390578243,0.04316167552122058,0.0031089212297905205,0.005834124202454993,0.0013844035057167664,0.013299634466208132,0.020521208599540132,0.3782184427528455,0.026034875990118375,0.4213801182740661,0.01741228736974961,0.3840525669553005,0.019136805093823366,0.39151807721905363,5.908,1714697849.3909686,2024-05-03_10-57-29
4,0.03888125550144081,0.004362909891903748,0.010695642162209298,0.009413675392803102,0.03772445817990305,0.00205179201793277,0.0038503418341777063,0.00019724604556850545,0.010693823229300958,0.020521208599540132,0.3782184427528455,0.029934883992343234,0.41594290093274855,0.018469416581607362,0.3820687845870232,0.020718454645108637,0.38891226598214645,5.932,1714697849.4159856,2024-05-03_10-57-29
4,0.03581960186503474,0.0024366403001526422,0.008610078881350717,0.011690224507752374,0.03385827120111046,0.001145904738418746,0.002150376311903901,0.001421321110815478,0.008491955289745223,0.020521208599540132,0.3782184427528455,0.032211433107292506,0.41207671395395595,0.019375303861121386,0.3803688190647494,0.02194252971035561,0.3867103980425907,5.958,1714697849.4410431,2024-05-03_10-57-29
